image_path,id,camera
query/0005_c2_f0046985.jpg,702,2
query/0005_c5_f0051781.jpg,702,5
query/0005_c6_f0030883.jpg,702,6
query/0019_c1_f0051470.jpg,703,1
query/0019_c2_f0055712.jpg,703,2
query/0019_c5_f0061106.jpg,703,5
query/0019_c6_f0040430.jpg,703,6
query/0021_c1_f0052336.jpg,704,1
query/0021_c6_f0030737.jpg,704,6
query/0021_c7_f0035375.jpg,704,7
query/0021_c8_f0008756.jpg,704,8
query/0023_c1_f0052564.jpg,705,1
query/0023_c2_f0056463.jpg,705,2
query/0023_c3_f0033770.jpg,705,3
query/0023_c4_f0031504.jpg,705,4
query/0025_c1_f0053650.jpg,706,1
query/0025_c8_f0010986.jpg,706,8
query/0027_c1_f0054309.jpg,707,1
query/0027_c2_f0054638.jpg,707,2
query/0027_c3_f0030042.jpg,707,3
query/0027_c4_f0023987.jpg,707,4
query/0030_c1_f0057043.jpg,708,1
query/0030_c2_f0056822.jpg,708,2
query/0030_c3_f0031952.jpg,708,3
query/0030_c4_f0026288.jpg,708,4
query/0031_c1_f0057180.jpg,709,1
query/0031_c2_f0062046.jpg,709,2
query/0031_c5_f0066705.jpg,709,5
query/0031_c6_f0045932.jpg,709,6
query/0033_c1_f0057706.jpg,710,1
query/0033_c2_f0061704.jpg,710,2
query/0033_c5_f0066543.jpg,710,5
query/0033_c6_f0045755.jpg,710,6
query/0034_c1_f0057636.jpg,711,1
query/0034_c2_f0057453.jpg,711,2
query/0035_c1_f0057672.jpg,712,1
query/0035_c2_f0057892.jpg,712,2
query/0039_c1_f0058725.jpg,713,1
query/0039_c2_f0063073.jpg,713,2
query/0039_c3_f0040399.jpg,713,3
query/0039_c4_f0037989.jpg,713,4
query/0042_c1_f0059238.jpg,714,1
query/0042_c2_f0063664.jpg,714,2
query/0042_c5_f0068874.jpg,714,5
query/0042_c6_f0048284.jpg,714,6
query/0043_c1_f0059677.jpg,715,1
query/0043_c6_f0036866.jpg,715,6
query/0043_c7_f0041987.jpg,715,7
query/0043_c8_f0015591.jpg,715,8
query/0044_c1_f0059515.jpg,716,1
query/0044_c2_f0059316.jpg,716,2
query/0044_c5_f0061197.jpg,716,5
query/0044_c6_f0037467.jpg,716,6
query/0046_c1_f0060037.jpg,717,1
query/0046_c2_f0064337.jpg,717,2
query/0046_c3_f0041496.jpg,717,3
query/0046_c4_f0039327.jpg,717,4
query/0047_c1_f0059698.jpg,718,1
query/0047_c2_f0063956.jpg,718,2
query/0047_c3_f0041514.jpg,718,3
query/0047_c4_f0039318.jpg,718,4
query/0049_c1_f0060029.jpg,719,1
query/0049_c2_f0060033.jpg,719,2
query/0050_c1_f0060180.jpg,720,1
query/0050_c2_f0064798.jpg,720,2
query/0050_c3_f0041757.jpg,720,3
query/0050_c4_f0039649.jpg,720,4
query/0051_c1_f0060060.jpg,721,1
query/0051_c2_f0060673.jpg,721,2
query/0051_c3_f0035958.jpg,721,3
query/0051_c4_f0030830.jpg,721,4
query/0053_c1_f0060659.jpg,722,1
query/0053_c2_f0063910.jpg,722,2
query/0056_c1_f0061338.jpg,723,1
query/0056_c8_f0017183.jpg,723,8
query/0061_c1_f0062281.jpg,724,1
query/0061_c2_f0066945.jpg,724,2
query/0066_c1_f0063339.jpg,725,1
query/0066_c2_f0062572.jpg,725,2
query/0066_c5_f0065483.jpg,725,5
query/0066_c6_f0041602.jpg,725,6
query/0068_c1_f0063910.jpg,726,1
query/0068_c2_f0068064.jpg,726,2
query/0068_c3_f0044983.jpg,726,3
query/0068_c4_f0042531.jpg,726,4
query/0069_c1_f0063936.jpg,727,1
query/0069_c2_f0063373.jpg,727,2
query/0069_c3_f0038683.jpg,727,3
query/0072_c1_f0064374.jpg,728,1
query/0072_c2_f0064014.jpg,728,2
query/0072_c5_f0066594.jpg,728,5
query/0072_c6_f0042541.jpg,728,6
query/0075_c1_f0065478.jpg,729,1
query/0075_c2_f0069561.jpg,729,2
query/0075_c3_f0046520.jpg,729,3
query/0075_c4_f0043898.jpg,729,4
query/0076_c1_f0065752.jpg,730,1
query/0076_c2_f0069554.jpg,730,2
query/0076_c5_f0074727.jpg,730,5
query/0076_c6_f0053772.jpg,730,6
query/0077_c1_f0065934.jpg,731,1
query/0077_c2_f0070242.jpg,731,2
query/0077_c8_f0121283.jpg,731,8
query/0078_c1_f0065952.jpg,732,1
query/0078_c2_f0065863.jpg,732,2
query/0078_c3_f0039942.jpg,732,3
query/0078_c4_f0034045.jpg,732,4
query/0079_c1_f0066859.jpg,733,1
query/0079_c2_f0066874.jpg,733,2
query/0080_c1_f0066749.jpg,734,1
query/0080_c2_f0070131.jpg,734,2
query/0080_c3_f0047264.jpg,734,3
query/0080_c4_f0044060.jpg,734,4
query/0083_c1_f0067852.jpg,735,1
query/0083_c2_f0071809.jpg,735,2
query/0083_c5_f0077755.jpg,735,5
query/0083_c6_f0056713.jpg,735,6
query/0086_c1_f0067692.jpg,736,1
query/0086_c2_f0067260.jpg,736,2
query/0086_c3_f0042905.jpg,736,3
query/0086_c4_f0037335.jpg,736,4
query/0088_c1_f0068997.jpg,737,1
query/0088_c2_f0072748.jpg,737,2
query/0088_c3_f0050799.jpg,737,3
query/0088_c4_f0048648.jpg,737,4
query/0089_c1_f0069226.jpg,738,1
query/0089_c8_f0025415.jpg,738,8
query/0090_c1_f0069115.jpg,739,1
query/0090_c2_f0073203.jpg,739,2
query/0091_c1_f0069493.jpg,740,1
query/0091_c2_f0073387.jpg,740,2
query/0092_c1_f0069453.jpg,741,1
query/0092_c2_f0073285.jpg,741,2
query/0095_c1_f0069660.jpg,742,1
query/0095_c2_f0073463.jpg,742,2
query/0095_c5_f0078456.jpg,742,5
query/0095_c6_f0057884.jpg,742,6
query/0097_c1_f0069940.jpg,743,1
query/0097_c2_f0069843.jpg,743,2
query/0098_c1_f0069984.jpg,744,1
query/0098_c2_f0074170.jpg,744,2
query/0098_c5_f0078829.jpg,744,5
query/0098_c6_f0057892.jpg,744,6
query/0099_c1_f0070437.jpg,745,1
query/0099_c2_f0069951.jpg,745,2
query/0099_c3_f0045400.jpg,745,3
query/0099_c4_f0039646.jpg,745,4
query/0101_c1_f0070929.jpg,746,1
query/0101_c2_f0070591.jpg,746,2
query/0103_c1_f0070571.jpg,747,1
query/0103_c2_f0070498.jpg,747,2
query/0103_c5_f0073085.jpg,747,5
query/0103_c6_f0049155.jpg,747,6
query/0106_c1_f0071620.jpg,748,1
query/0106_c2_f0071469.jpg,748,2
query/0106_c3_f0046940.jpg,748,3
query/0106_c4_f0041356.jpg,748,4
query/0107_c1_f0071282.jpg,749,1
query/0107_c2_f0071824.jpg,749,2
query/0107_c3_f0046827.jpg,749,3
query/0107_c4_f0041266.jpg,749,4
query/0109_c1_f0071918.jpg,750,1
query/0109_c2_f0075456.jpg,750,2
query/0109_c5_f0080415.jpg,750,5
query/0109_c6_f0059222.jpg,750,6
query/0111_c1_f0071894.jpg,751,1
query/0111_c6_f0049513.jpg,751,6
query/0111_c7_f0054563.jpg,751,7
query/0111_c8_f0028190.jpg,751,8
query/0112_c1_f0073159.jpg,752,1
query/0112_c2_f0072749.jpg,752,2
query/0112_c5_f0074748.jpg,752,5
query/0112_c6_f0050859.jpg,752,6
query/0114_c1_f0073078.jpg,753,1
query/0114_c2_f0077664.jpg,753,2
query/0114_c5_f0081918.jpg,753,5
query/0114_c6_f0061083.jpg,753,6
query/0115_c1_f0073267.jpg,754,1
query/0115_c2_f0077031.jpg,754,2
query/0117_c1_f0073562.jpg,755,1
query/0117_c2_f0077735.jpg,755,2
query/0117_c5_f0083624.jpg,755,5
query/0117_c6_f0063167.jpg,755,6
query/0118_c1_f0073696.jpg,756,1
query/0118_c2_f0078101.jpg,756,2
query/0118_c5_f0083382.jpg,756,5
query/0118_c6_f0062917.jpg,756,6
query/0119_c1_f0074020.jpg,757,1
query/0119_c2_f0073254.jpg,757,2
query/0119_c5_f0075796.jpg,757,5
query/0119_c6_f0051559.jpg,757,6
query/0119_c7_f0055889.jpg,757,7
query/0122_c1_f0074953.jpg,758,1
query/0122_c8_f0030900.jpg,758,8
query/0123_c1_f0075115.jpg,759,1
query/0123_c2_f0075327.jpg,759,2
query/0123_c3_f0050437.jpg,759,3
query/0123_c4_f0044820.jpg,759,4
query/0125_c1_f0075694.jpg,760,1
query/0125_c2_f0082051.jpg,760,2
query/0126_c1_f0075856.jpg,761,1
query/0126_c2_f0082292.jpg,761,2
query/0126_c3_f0059549.jpg,761,3
query/0126_c5_f0088074.jpg,761,5
query/0126_c6_f0067383.jpg,761,6
query/0127_c1_f0075956.jpg,762,1
query/0127_c2_f0075875.jpg,762,2
query/0128_c1_f0076112.jpg,763,1
query/0128_c2_f0080602.jpg,763,2
query/0128_c3_f0057862.jpg,763,3
query/0128_c4_f0055645.jpg,763,4
query/0134_c1_f0077129.jpg,764,1
query/0134_c2_f0080749.jpg,764,2
query/0134_c5_f0085984.jpg,764,5
query/0134_c6_f0065112.jpg,764,6
query/0134_c7_f0067627.jpg,764,7
query/0135_c1_f0077630.jpg,765,1
query/0135_c2_f0077417.jpg,765,2
query/0135_c3_f0052337.jpg,765,3
query/0135_c4_f0046746.jpg,765,4
query/0136_c1_f0078663.jpg,766,1
query/0136_c5_f0081046.jpg,766,5
query/0136_c6_f0057115.jpg,766,6
query/0137_c1_f0077186.jpg,767,1
query/0137_c2_f0081748.jpg,767,2
query/0137_c5_f0087182.jpg,767,5
query/0137_c6_f0066560.jpg,767,6
query/0137_c7_f0069000.jpg,767,7
query/0140_c6_f0169521.jpg,768,6
query/0140_c7_f0172289.jpg,768,7
query/0140_c8_f0141968.jpg,768,8
query/0142_c1_f0079321.jpg,769,1
query/0142_c2_f0078414.jpg,769,2
query/0143_c1_f0079382.jpg,770,1
query/0143_c2_f0079493.jpg,770,2
query/0143_c3_f0055055.jpg,770,3
query/0143_c4_f0049743.jpg,770,4
query/0145_c1_f0080150.jpg,771,1
query/0145_c2_f0079839.jpg,771,2
query/0147_c1_f0080216.jpg,772,1
query/0147_c2_f0080236.jpg,772,2
query/0147_c3_f0055390.jpg,772,3
query/0147_c4_f0049659.jpg,772,4
query/0149_c1_f0080969.jpg,773,1
query/0149_c2_f0080441.jpg,773,2
query/0150_c1_f0081618.jpg,774,1
query/0150_c2_f0081488.jpg,774,2
query/0150_c3_f0057189.jpg,774,3
query/0150_c4_f0051201.jpg,774,4
query/0151_c1_f0081634.jpg,775,1
query/0151_c2_f0081962.jpg,775,2
query/0151_c3_f0057069.jpg,775,3
query/0151_c4_f0051330.jpg,775,4
query/0158_c1_f0082789.jpg,776,1
query/0158_c2_f0087593.jpg,776,2
query/0158_c3_f0064720.jpg,776,3
query/0158_c4_f0062235.jpg,776,4
query/0159_c1_f0083327.jpg,777,1
query/0159_c5_f0091883.jpg,777,5
query/0159_c6_f0071162.jpg,777,6
query/0159_c7_f0073341.jpg,777,7
query/0162_c2_f0083708.jpg,778,2
query/0162_c3_f0059179.jpg,778,3
query/0162_c4_f0053991.jpg,778,4
query/0163_c1_f0083674.jpg,779,1
query/0163_c2_f0082913.jpg,779,2
query/0163_c5_f0084927.jpg,779,5
query/0163_c6_f0060876.jpg,779,6
query/0167_c1_f0084519.jpg,780,1
query/0167_c2_f0084455.jpg,780,2
query/0169_c1_f0085186.jpg,781,1
query/0169_c8_f0040940.jpg,781,8
query/0170_c1_f0084957.jpg,782,1
query/0170_c2_f0089028.jpg,782,2
query/0170_c3_f0066729.jpg,782,3
query/0170_c4_f0064924.jpg,782,4
query/0171_c1_f0085696.jpg,783,1
query/0171_c2_f0090097.jpg,783,2
query/0171_c3_f0068160.jpg,783,3
query/0174_c1_f0085552.jpg,784,1
query/0174_c2_f0090920.jpg,784,2
query/0175_c1_f0085610.jpg,785,1
query/0175_c2_f0090254.jpg,785,2
query/0180_c1_f0086713.jpg,786,1
query/0180_c2_f0090459.jpg,786,2
query/0180_c5_f0095493.jpg,786,5
query/0180_c6_f0074316.jpg,786,6
query/0181_c1_f0086457.jpg,787,1
query/0181_c2_f0091224.jpg,787,2
query/0183_c1_f0087290.jpg,788,1
query/0183_c7_f0069034.jpg,788,7
query/0183_c8_f0042667.jpg,788,8
query/0184_c1_f0086730.jpg,789,1
query/0184_c2_f0087075.jpg,789,2
query/0184_c3_f0061789.jpg,789,3
query/0184_c4_f0056293.jpg,789,4
query/0186_c1_f0086668.jpg,790,1
query/0186_c6_f0065337.jpg,790,6
query/0186_c7_f0069888.jpg,790,7
query/0186_c8_f0043748.jpg,790,8
query/0187_c1_f0087630.jpg,791,1
query/0187_c2_f0092070.jpg,791,2
query/0187_c3_f0069305.jpg,791,3
query/0187_c4_f0067179.jpg,791,4
query/0188_c1_f0087974.jpg,792,1
query/0188_c2_f0087626.jpg,792,2
query/0188_c3_f0061909.jpg,792,3
query/0192_c1_f0088088.jpg,793,1
query/0192_c2_f0092522.jpg,793,2
query/0194_c1_f0087862.jpg,794,1
query/0194_c2_f0092381.jpg,794,2
query/0194_c5_f0097730.jpg,794,5
query/0194_c6_f0076689.jpg,794,6
query/0197_c6_f0074556.jpg,795,6
query/0197_c7_f0078717.jpg,795,7
query/0197_c8_f0052594.jpg,795,8
query/0199_c1_f0088715.jpg,796,1
query/0199_c2_f0092607.jpg,796,2
query/0200_c1_f0089342.jpg,797,1
query/0200_c2_f0089080.jpg,797,2
query/0200_c5_f0091703.jpg,797,5
query/0200_c6_f0067346.jpg,797,6
query/0201_c1_f0089728.jpg,798,1
query/0201_c2_f0089204.jpg,798,2
query/0201_c5_f0091471.jpg,798,5
query/0201_c6_f0067746.jpg,798,6
query/0204_c1_f0090510.jpg,799,1
query/0204_c2_f0089070.jpg,799,2
query/0205_c1_f0090044.jpg,800,1
query/0205_c2_f0090367.jpg,800,2
query/0205_c5_f0092480.jpg,800,5
query/0205_c6_f0069343.jpg,800,6
query/0206_c1_f0090326.jpg,801,1
query/0206_c2_f0095614.jpg,801,2
query/0206_c3_f0072625.jpg,801,3
query/0206_c4_f0071226.jpg,801,4
query/0207_c1_f0090094.jpg,802,1
query/0207_c2_f0094011.jpg,802,2
query/0207_c5_f0099488.jpg,802,5
query/0207_c6_f0078621.jpg,802,6
query/0210_c1_f0090728.jpg,803,1
query/0210_c2_f0095792.jpg,803,2
query/0211_c1_f0090471.jpg,804,1
query/0211_c2_f0090410.jpg,804,2
query/0211_c3_f0066000.jpg,804,3
query/0211_c4_f0060791.jpg,804,4
query/0212_c1_f0090490.jpg,805,1
query/0212_c2_f0090406.jpg,805,2
query/0212_c5_f0092818.jpg,805,5
query/0212_c6_f0067939.jpg,805,6
query/0213_c1_f0091562.jpg,806,1
query/0213_c8_f0052778.jpg,806,8
query/0214_c1_f0091468.jpg,807,1
query/0214_c2_f0091577.jpg,807,2
query/0214_c3_f0067196.jpg,807,3
query/0214_c4_f0061381.jpg,807,4
query/0215_c1_f0091488.jpg,808,1
query/0215_c2_f0096446.jpg,808,2
query/0215_c3_f0073686.jpg,808,3
query/0215_c4_f0071477.jpg,808,4
query/0218_c1_f0092641.jpg,809,1
query/0218_c8_f0048701.jpg,809,8
query/0219_c1_f0093113.jpg,810,1
query/0219_c8_f0048588.jpg,810,8
query/0220_c1_f0092716.jpg,811,1
query/0220_c2_f0093214.jpg,811,2
query/0220_c3_f0068423.jpg,811,3
query/0220_c4_f0062939.jpg,811,4
query/0221_c1_f0093188.jpg,812,1
query/0221_c2_f0093414.jpg,812,2
query/0221_c3_f0069090.jpg,812,3
query/0221_c4_f0063097.jpg,812,4
query/0223_c1_f0093840.jpg,813,1
query/0223_c2_f0093779.jpg,813,2
query/0223_c3_f0069118.jpg,813,3
query/0223_c4_f0063277.jpg,813,4
query/0229_c1_f0094350.jpg,814,1
query/0229_c2_f0098289.jpg,814,2
query/0229_c5_f0126191.jpg,814,5
query/0230_c1_f0094160.jpg,815,1
query/0230_c2_f0094102.jpg,815,2
query/0230_c5_f0096308.jpg,815,5
query/0230_c6_f0072602.jpg,815,6
query/0235_c5_f0076499.jpg,816,5
query/0235_c6_f0055870.jpg,816,6
query/0237_c1_f0094320.jpg,817,1
query/0237_c2_f0094857.jpg,817,2
query/0237_c3_f0069501.jpg,817,3
query/0237_c4_f0064707.jpg,817,4
query/0238_c1_f0094853.jpg,818,1
query/0238_c2_f0094676.jpg,818,2
query/0239_c1_f0095533.jpg,819,1
query/0239_c8_f0051344.jpg,819,8
query/0240_c1_f0095215.jpg,820,1
query/0240_c2_f0095029.jpg,820,2
query/0240_c3_f0070545.jpg,820,3
query/0240_c4_f0065130.jpg,820,4
query/0241_c1_f0095131.jpg,821,1
query/0241_c2_f0094825.jpg,821,2
query/0241_c5_f0096918.jpg,821,5
query/0241_c6_f0072269.jpg,821,6
query/0241_c7_f0076942.jpg,821,7
query/0243_c1_f0095564.jpg,822,1
query/0243_c2_f0099970.jpg,822,2
query/0243_c5_f0104869.jpg,822,5
query/0243_c6_f0083864.jpg,822,6
query/0244_c1_f0095325.jpg,823,1
query/0244_c6_f0073324.jpg,823,6
query/0244_c7_f0077955.jpg,823,7
query/0244_c8_f0052198.jpg,823,8
query/0247_c1_f0095658.jpg,824,1
query/0247_c2_f0100111.jpg,824,2
query/0247_c3_f0077177.jpg,824,3
query/0247_c4_f0074689.jpg,824,4
query/0249_c1_f0096246.jpg,825,1
query/0249_c2_f0096221.jpg,825,2
query/0249_c3_f0071496.jpg,825,3
query/0251_c1_f0096035.jpg,826,1
query/0251_c2_f0096850.jpg,826,2
query/0251_c3_f0071565.jpg,826,3
query/0251_c4_f0066325.jpg,826,4
query/0253_c2_f0096963.jpg,827,2
query/0253_c3_f0071714.jpg,827,3
query/0253_c4_f0066302.jpg,827,4
query/0254_c1_f0096347.jpg,828,1
query/0254_c2_f0101502.jpg,828,2
query/0254_c5_f0105792.jpg,828,5
query/0254_c6_f0085366.jpg,828,6
query/0256_c1_f0096581.jpg,829,1
query/0256_c2_f0096757.jpg,829,2
query/0257_c1_f0096507.jpg,830,1
query/0257_c2_f0096461.jpg,830,2
query/0257_c3_f0071976.jpg,830,3
query/0257_c4_f0066446.jpg,830,4
query/0261_c1_f0096859.jpg,831,1
query/0261_c5_f0098615.jpg,831,5
query/0261_c6_f0074589.jpg,831,6
query/0262_c1_f0097107.jpg,832,1
query/0262_c5_f0099052.jpg,832,5
query/0262_c6_f0075042.jpg,832,6
query/0264_c1_f0096537.jpg,833,1
query/0264_c2_f0100382.jpg,833,2
query/0264_c3_f0077857.jpg,833,3
query/0264_c4_f0075469.jpg,833,4
query/0266_c1_f0096613.jpg,834,1
query/0266_c2_f0096386.jpg,834,2
query/0267_c1_f0097000.jpg,835,1
query/0267_c2_f0096513.jpg,835,2
query/0268_c1_f0097172.jpg,836,1
query/0268_c2_f0096857.jpg,836,2
query/0268_c3_f0072158.jpg,836,3
query/0268_c4_f0066773.jpg,836,4
query/0269_c1_f0096901.jpg,837,1
query/0269_c2_f0101099.jpg,837,2
query/0270_c1_f0097056.jpg,838,1
query/0270_c2_f0096997.jpg,838,2
query/0270_c5_f0098619.jpg,838,5
query/0270_c6_f0074581.jpg,838,6
query/0272_c1_f0097338.jpg,839,1
query/0272_c2_f0101736.jpg,839,2
query/0272_c3_f0079165.jpg,839,3
query/0272_c4_f0077334.jpg,839,4
query/0273_c1_f0097884.jpg,840,1
query/0273_c2_f0101412.jpg,840,2
query/0274_c1_f0097936.jpg,841,1
query/0274_c2_f0101688.jpg,841,2
query/0274_c3_f0079582.jpg,841,3
query/0275_c1_f0097890.jpg,842,1
query/0275_c2_f0102018.jpg,842,2
query/0276_c1_f0098141.jpg,843,1
query/0276_c2_f0102199.jpg,843,2
query/0277_c1_f0097700.jpg,844,1
query/0277_c2_f0102325.jpg,844,2
query/0279_c1_f0097946.jpg,845,1
query/0279_c2_f0098340.jpg,845,2
query/0279_c3_f0074028.jpg,845,3
query/0279_c4_f0068009.jpg,845,4
query/0285_c1_f0098981.jpg,846,1
query/0285_c2_f0103976.jpg,846,2
query/0285_c3_f0080867.jpg,846,3
query/0285_c4_f0078951.jpg,846,4
query/0287_c1_f0098841.jpg,847,1
query/0287_c2_f0098655.jpg,847,2
query/0287_c5_f0101162.jpg,847,5
query/0287_c6_f0077054.jpg,847,6
query/0288_c1_f0098523.jpg,848,1
query/0288_c2_f0103740.jpg,848,2
query/0288_c3_f0081448.jpg,848,3
query/0288_c4_f0078876.jpg,848,4
query/0292_c1_f0099357.jpg,849,1
query/0292_c2_f0103900.jpg,849,2
query/0292_c5_f0108369.jpg,849,5
query/0292_c6_f0087135.jpg,849,6
query/0293_c1_f0099662.jpg,850,1
query/0293_c2_f0103564.jpg,850,2
query/0293_c3_f0080926.jpg,850,3
query/0293_c4_f0079099.jpg,850,4
query/0294_c1_f0099831.jpg,851,1
query/0294_c2_f0099625.jpg,851,2
query/0294_c3_f0074168.jpg,851,3
query/0294_c4_f0069252.jpg,851,4
query/0295_c1_f0099259.jpg,852,1
query/0295_c2_f0099605.jpg,852,2
query/0295_c5_f0101591.jpg,852,5
query/0295_c6_f0078224.jpg,852,6
query/0298_c1_f0100461.jpg,853,1
query/0298_c2_f0099946.jpg,853,2
query/0299_c1_f0100255.jpg,854,1
query/0299_c8_f0056506.jpg,854,8
query/0300_c1_f0100380.jpg,855,1
query/0300_c2_f0104587.jpg,855,2
query/0300_c5_f0109383.jpg,855,5
query/0300_c6_f0088982.jpg,855,6
query/0300_c7_f0091101.jpg,855,7
query/0301_c1_f0100084.jpg,856,1
query/0301_c8_f0056904.jpg,856,8
query/0302_c1_f0100590.jpg,857,1
query/0302_c8_f0056825.jpg,857,8
query/0303_c1_f0100165.jpg,858,1
query/0303_c2_f0105145.jpg,858,2
query/0303_c3_f0082101.jpg,858,3
query/0303_c4_f0079885.jpg,858,4
query/0304_c1_f0100891.jpg,859,1
query/0304_c2_f0100115.jpg,859,2
query/0304_c3_f0075882.jpg,859,3
query/0304_c4_f0069917.jpg,859,4
query/0305_c1_f0100816.jpg,860,1
query/0305_c2_f0104970.jpg,860,2
query/0305_c5_f0109569.jpg,860,5
query/0305_c6_f0088923.jpg,860,6
query/0311_c1_f0101832.jpg,861,1
query/0311_c2_f0102108.jpg,861,2
query/0311_c5_f0104965.jpg,861,5
query/0311_c6_f0080959.jpg,861,6
query/0313_c1_f0102711.jpg,862,1
query/0313_c2_f0107591.jpg,862,2
query/0314_c1_f0102669.jpg,863,1
query/0314_c2_f0102624.jpg,863,2
query/0314_c3_f0078200.jpg,863,3
query/0314_c4_f0072449.jpg,863,4
query/0315_c1_f0103145.jpg,864,1
query/0315_c2_f0107077.jpg,864,2
query/0315_c5_f0112364.jpg,864,5
query/0315_c7_f0093938.jpg,864,7
query/0316_c1_f0102986.jpg,865,1
query/0316_c2_f0102647.jpg,865,2
query/0316_c5_f0105189.jpg,865,5
query/0316_c6_f0081597.jpg,865,6
query/0321_c1_f0104596.jpg,866,1
query/0321_c2_f0104133.jpg,866,2
query/0321_c3_f0079633.jpg,866,3
query/0321_c4_f0073930.jpg,866,4
query/0323_c1_f0105515.jpg,867,1
query/0323_c2_f0104053.jpg,867,2
query/0323_c5_f0106514.jpg,867,5
query/0323_c6_f0082342.jpg,867,6
query/0324_c1_f0105390.jpg,868,1
query/0324_c2_f0105177.jpg,868,2
query/0324_c5_f0107238.jpg,868,5
query/0324_c6_f0083295.jpg,868,6
query/0329_c1_f0105247.jpg,869,1
query/0329_c5_f0107593.jpg,869,5
query/0329_c6_f0083388.jpg,869,6
query/0329_c7_f0087823.jpg,869,7
query/0332_c1_f0105510.jpg,870,1
query/0332_c2_f0110000.jpg,870,2
query/0332_c5_f0114811.jpg,870,5
query/0332_c6_f0094780.jpg,870,6
query/0334_c1_f0105618.jpg,871,1
query/0334_c2_f0109556.jpg,871,2
query/0334_c5_f0117157.jpg,871,5
query/0334_c7_f0101819.jpg,871,7
query/0337_c1_f0106499.jpg,872,1
query/0337_c2_f0110519.jpg,872,2
query/0340_c1_f0106839.jpg,873,1
query/0340_c8_f0062658.jpg,873,8
query/0341_c1_f0106021.jpg,874,1
query/0341_c2_f0106197.jpg,874,2
query/0341_c3_f0081495.jpg,874,3
query/0341_c4_f0076026.jpg,874,4
query/0342_c1_f0106637.jpg,875,1
query/0342_c2_f0106675.jpg,875,2
query/0342_c3_f0081622.jpg,875,3
query/0342_c4_f0076032.jpg,875,4
query/0344_c1_f0107172.jpg,876,1
query/0344_c2_f0105864.jpg,876,2
query/0344_c5_f0107267.jpg,876,5
query/0344_c6_f0082896.jpg,876,6
query/0346_c1_f0106889.jpg,877,1
query/0346_c6_f0083673.jpg,877,6
query/0346_c7_f0088327.jpg,877,7
query/0347_c1_f0106817.jpg,878,1
query/0347_c8_f0068504.jpg,878,8
query/0350_c1_f0107514.jpg,879,1
query/0350_c8_f0063219.jpg,879,8
query/0351_c1_f0107171.jpg,880,1
query/0351_c8_f0067780.jpg,880,8
query/0352_c1_f0106937.jpg,881,1
query/0352_c8_f0063355.jpg,881,8
query/0353_c1_f0106968.jpg,882,1
query/0353_c8_f0063582.jpg,882,8
query/0354_c1_f0107194.jpg,883,1
query/0354_c2_f0107555.jpg,883,2
query/0354_c5_f0108450.jpg,883,5
query/0354_c6_f0083294.jpg,883,6
query/0354_c7_f0088099.jpg,883,7
query/0355_c1_f0107560.jpg,884,1
query/0355_c2_f0106676.jpg,884,2
query/0355_c3_f0081368.jpg,884,3
query/0355_c4_f0075697.jpg,884,4
query/0356_c1_f0107353.jpg,885,1
query/0356_c2_f0107912.jpg,885,2
query/0356_c3_f0082818.jpg,885,3
query/0356_c4_f0077087.jpg,885,4
query/0358_c1_f0107737.jpg,886,1
query/0358_c2_f0111905.jpg,886,2
query/0358_c3_f0089507.jpg,886,3
query/0358_c4_f0087432.jpg,886,4
query/0359_c1_f0108020.jpg,887,1
query/0359_c2_f0107444.jpg,887,2
query/0359_c5_f0109442.jpg,887,5
query/0359_c6_f0085905.jpg,887,6
query/0360_c1_f0108265.jpg,888,1
query/0360_c2_f0108020.jpg,888,2
query/0360_c5_f0111016.jpg,888,5
query/0360_c6_f0086405.jpg,888,6
query/0361_c1_f0108879.jpg,889,1
query/0361_c2_f0108491.jpg,889,2
query/0361_c5_f0110785.jpg,889,5
query/0361_c6_f0086861.jpg,889,6
query/0363_c1_f0109091.jpg,890,1
query/0363_c2_f0112990.jpg,890,2
query/0363_c3_f0090302.jpg,890,3
query/0363_c4_f0087731.jpg,890,4
query/0364_c1_f0109014.jpg,891,1
query/0364_c8_f0070718.jpg,891,8
query/0367_c1_f0109491.jpg,892,1
query/0367_c2_f0109633.jpg,892,2
query/0367_c3_f0084233.jpg,892,3
query/0367_c4_f0077579.jpg,892,4
query/0369_c1_f0110100.jpg,893,1
query/0369_c2_f0109813.jpg,893,2
query/0369_c5_f0111316.jpg,893,5
query/0369_c6_f0088020.jpg,893,6
query/0371_c1_f0110190.jpg,894,1
query/0371_c2_f0114084.jpg,894,2
query/0371_c3_f0091408.jpg,894,3
query/0371_c4_f0089070.jpg,894,4
query/0372_c1_f0110818.jpg,895,1
query/0372_c8_f0066182.jpg,895,8
query/0375_c1_f0110200.jpg,896,1
query/0375_c2_f0109542.jpg,896,2
query/0375_c5_f0111900.jpg,896,5
query/0375_c6_f0088184.jpg,896,6
query/0376_c1_f0110401.jpg,897,1
query/0376_c2_f0114155.jpg,897,2
query/0376_c3_f0091701.jpg,897,3
query/0376_c4_f0089675.jpg,897,4
query/0377_c1_f0110464.jpg,898,1
query/0377_c2_f0114573.jpg,898,2
query/0378_c1_f0110447.jpg,899,1
query/0378_c5_f0112815.jpg,899,5
query/0378_c6_f0088351.jpg,899,6
query/0379_c1_f0110932.jpg,900,1
query/0379_c5_f0112683.jpg,900,5
query/0379_c6_f0088539.jpg,900,6
query/0380_c1_f0110981.jpg,901,1
query/0380_c2_f0111163.jpg,901,2
query/0380_c5_f0113432.jpg,901,5
query/0380_c6_f0089461.jpg,901,6
query/0381_c1_f0110980.jpg,902,1
query/0381_c2_f0114863.jpg,902,2
query/0381_c3_f0092660.jpg,902,3
query/0381_c4_f0090550.jpg,902,4
query/0386_c1_f0111425.jpg,903,1
query/0386_c2_f0111926.jpg,903,2
query/0389_c1_f0111986.jpg,904,1
query/0389_c8_f0068356.jpg,904,8
query/0390_c1_f0111618.jpg,905,1
query/0390_c2_f0111948.jpg,905,2
query/0391_c1_f0112156.jpg,906,1
query/0391_c8_f0068524.jpg,906,8
query/0394_c1_f0112052.jpg,907,1
query/0394_c2_f0116507.jpg,907,2
query/0394_c5_f0121707.jpg,907,5
query/0394_c6_f0100949.jpg,907,6
query/0395_c1_f0112678.jpg,908,1
query/0395_c2_f0111697.jpg,908,2
query/0395_c5_f0114572.jpg,908,5
query/0395_c6_f0089934.jpg,908,6
query/0400_c1_f0113071.jpg,909,1
query/0400_c8_f0069409.jpg,909,8
query/0405_c1_f0114929.jpg,910,1
query/0405_c2_f0119076.jpg,910,2
query/0405_c5_f0124264.jpg,910,5
query/0405_c6_f0103769.jpg,910,6
query/0405_c7_f0106282.jpg,910,7
query/0409_c1_f0115442.jpg,911,1
query/0409_c2_f0115061.jpg,911,2
query/0409_c5_f0116835.jpg,911,5
query/0409_c6_f0091935.jpg,911,6
query/0410_c1_f0115296.jpg,912,1
query/0410_c2_f0115494.jpg,912,2
query/0410_c5_f0117976.jpg,912,5
query/0410_c6_f0093646.jpg,912,6
query/0412_c1_f0116132.jpg,913,1
query/0412_c2_f0119920.jpg,913,2
query/0412_c3_f0097658.jpg,913,3
query/0412_c4_f0095591.jpg,913,4
query/0414_c1_f0116411.jpg,914,1
query/0414_c2_f0120871.jpg,914,2
query/0414_c3_f0098340.jpg,914,3
query/0414_c4_f0096182.jpg,914,4
query/0415_c1_f0116713.jpg,915,1
query/0415_c2_f0120423.jpg,915,2
query/0415_c5_f0125554.jpg,915,5
query/0415_c6_f0104175.jpg,915,6
query/0416_c1_f0118345.jpg,916,1
query/0416_c2_f0126374.jpg,916,2
query/0416_c3_f0103591.jpg,916,3
query/0418_c1_f0117510.jpg,917,1
query/0418_c2_f0117973.jpg,917,2
query/0420_c1_f0118434.jpg,918,1
query/0420_c8_f0074468.jpg,918,8
query/0426_c1_f0118977.jpg,919,1
query/0426_c2_f0118950.jpg,919,2
query/0426_c5_f0120880.jpg,919,5
query/0426_c6_f0097535.jpg,919,6
query/0427_c1_f0118777.jpg,920,1
query/0427_c2_f0122643.jpg,920,2
query/0427_c3_f0100220.jpg,920,3
query/0427_c4_f0097859.jpg,920,4
query/0428_c1_f0118787.jpg,921,1
query/0428_c8_f0075073.jpg,921,8
query/0429_c1_f0119147.jpg,922,1
query/0429_c2_f0119181.jpg,922,2
query/0431_c1_f0119486.jpg,923,1
query/0431_c8_f0075714.jpg,923,8
query/0433_c1_f0119694.jpg,924,1
query/0433_c2_f0123798.jpg,924,2
query/0433_c5_f0129283.jpg,924,5
query/0433_c6_f0108318.jpg,924,6
query/0434_c1_f0119543.jpg,925,1
query/0434_c2_f0119056.jpg,925,2
query/0434_c3_f0094843.jpg,925,3
query/0434_c4_f0089329.jpg,925,4
query/0442_c1_f0120419.jpg,926,1
query/0442_c2_f0124749.jpg,926,2
query/0442_c3_f0102329.jpg,926,3
query/0442_c4_f0100317.jpg,926,4
query/0444_c1_f0121197.jpg,927,1
query/0444_c2_f0120539.jpg,927,2
query/0444_c5_f0122633.jpg,927,5
query/0444_c6_f0098403.jpg,927,6
query/0449_c1_f0121898.jpg,928,1
query/0449_c8_f0078297.jpg,928,8
query/0451_c1_f0122280.jpg,929,1
query/0451_c2_f0127625.jpg,929,2
query/0453_c1_f0123255.jpg,930,1
query/0453_c2_f0127340.jpg,930,2
query/0455_c1_f0123346.jpg,931,1
query/0455_c2_f0123223.jpg,931,2
query/0455_c3_f0098978.jpg,931,3
query/0457_c1_f0123889.jpg,932,1
query/0457_c8_f0080969.jpg,932,8
query/0459_c1_f0124423.jpg,933,1
query/0459_c7_f0106449.jpg,933,7
query/0459_c8_f0080189.jpg,933,8
query/0460_c1_f0124525.jpg,934,1
query/0460_c8_f0081416.jpg,934,8
query/0461_c1_f0124823.jpg,935,1
query/0461_c2_f0123992.jpg,935,2
query/0461_c3_f0099292.jpg,935,3
query/0462_c1_f0124357.jpg,936,1
query/0462_c2_f0125093.jpg,936,2
query/0466_c1_f0125225.jpg,937,1
query/0466_c2_f0129039.jpg,937,2
query/0466_c3_f0106725.jpg,937,3
query/0466_c4_f0104421.jpg,937,4
query/0467_c1_f0125435.jpg,938,1
query/0467_c2_f0129511.jpg,938,2
query/0468_c1_f0125465.jpg,939,1
query/0468_c2_f0125559.jpg,939,2
query/0468_c5_f0127575.jpg,939,5
query/0468_c6_f0104083.jpg,939,6
query/0469_c1_f0125156.jpg,940,1
query/0469_c5_f0134724.jpg,940,5
query/0469_c6_f0113372.jpg,940,6
query/0470_c1_f0125183.jpg,941,1
query/0470_c5_f0127367.jpg,941,5
query/0470_c6_f0103164.jpg,941,6
query/0471_c1_f0125828.jpg,942,1
query/0471_c2_f0125520.jpg,942,2
query/0471_c3_f0099004.jpg,942,3
query/0479_c1_f0126547.jpg,943,1
query/0479_c2_f0126240.jpg,943,2
query/0479_c5_f0128299.jpg,943,5
query/0479_c6_f0103755.jpg,943,6
query/0479_c7_f0108780.jpg,943,7
query/0482_c1_f0127523.jpg,944,1
query/0482_c8_f0083448.jpg,944,8
query/0484_c1_f0127270.jpg,945,1
query/0484_c2_f0130842.jpg,945,2
query/0486_c1_f0128066.jpg,946,1
query/0486_c2_f0131992.jpg,946,2
query/0486_c5_f0137503.jpg,946,5
query/0486_c6_f0116787.jpg,946,6
query/0488_c1_f0128092.jpg,947,1
query/0488_c2_f0127777.jpg,947,2
query/0488_c5_f0129517.jpg,947,5
query/0488_c6_f0105502.jpg,947,6
query/0492_c1_f0128761.jpg,948,1
query/0492_c2_f0132354.jpg,948,2
query/0492_c3_f0109808.jpg,948,3
query/0492_c4_f0107470.jpg,948,4
query/0494_c1_f0128933.jpg,949,1
query/0494_c2_f0132607.jpg,949,2
query/0494_c5_f0137332.jpg,949,5
query/0494_c6_f0116931.jpg,949,6
query/0495_c1_f0128679.jpg,950,1
query/0495_c2_f0132992.jpg,950,2
query/0497_c1_f0129209.jpg,951,1
query/0497_c2_f0129186.jpg,951,2
query/0499_c1_f0129826.jpg,952,1
query/0499_c2_f0134556.jpg,952,2
query/0499_c5_f0139916.jpg,952,5
query/0499_c6_f0118861.jpg,952,6
query/0500_c1_f0129754.jpg,953,1
query/0500_c2_f0134336.jpg,953,2
query/0500_c5_f0139946.jpg,953,5
query/0500_c6_f0118591.jpg,953,6
query/0501_c1_f0129872.jpg,954,1
query/0501_c2_f0130183.jpg,954,2
query/0501_c5_f0132635.jpg,954,5
query/0501_c6_f0108325.jpg,954,6
query/0503_c1_f0130063.jpg,955,1
query/0503_c8_f0085828.jpg,955,8
query/0506_c1_f0130185.jpg,956,1
query/0506_c8_f0087155.jpg,956,8
query/0508_c1_f0131093.jpg,957,1
query/0508_c2_f0135107.jpg,957,2
query/0508_c3_f0112499.jpg,957,3
query/0508_c4_f0109923.jpg,957,4
query/0509_c1_f0131296.jpg,958,1
query/0509_c2_f0131630.jpg,958,2
query/0509_c3_f0106517.jpg,958,3
query/0509_c4_f0100696.jpg,958,4
query/0514_c1_f0131907.jpg,959,1
query/0514_c6_f0118627.jpg,959,6
query/0514_c7_f0121043.jpg,959,7
query/0515_c6_f0073817.jpg,960,6
query/0515_c7_f0078039.jpg,960,7
query/0515_c8_f0051972.jpg,960,8
query/0516_c1_f0132096.jpg,961,1
query/0516_c2_f0136687.jpg,961,2
query/0516_c3_f0113947.jpg,961,3
query/0516_c4_f0111971.jpg,961,4
query/0517_c1_f0132261.jpg,962,1
query/0517_c2_f0131939.jpg,962,2
query/0517_c5_f0134375.jpg,962,5
query/0517_c6_f0110303.jpg,962,6
query/0523_c1_f0132959.jpg,963,1
query/0523_c2_f0133331.jpg,963,2
query/0523_c3_f0108409.jpg,963,3
query/0523_c4_f0102894.jpg,963,4
query/0525_c1_f0096064.jpg,964,1
query/0525_c2_f0096733.jpg,964,2
query/0525_c4_f0065769.jpg,964,4
query/0527_c1_f0134567.jpg,965,1
query/0527_c2_f0135250.jpg,965,2
query/0527_c3_f0110213.jpg,965,3
query/0529_c1_f0135978.jpg,966,1
query/0529_c2_f0142939.jpg,966,2
query/0529_c5_f0148068.jpg,966,5
query/0533_c1_f0135947.jpg,967,1
query/0533_c2_f0136055.jpg,967,2
query/0535_c1_f0137964.jpg,968,1
query/0535_c8_f0094188.jpg,968,8
query/0537_c1_f0137788.jpg,969,1
query/0537_c2_f0141928.jpg,969,2
query/0537_c5_f0146179.jpg,969,5
query/0537_c6_f0125703.jpg,969,6
query/0538_c1_f0138795.jpg,970,1
query/0538_c2_f0138247.jpg,970,2
query/0538_c5_f0140489.jpg,970,5
query/0538_c6_f0116921.jpg,970,6
query/0539_c1_f0138648.jpg,971,1
query/0539_c8_f0095655.jpg,971,8
query/0540_c1_f0139455.jpg,972,1
query/0540_c2_f0143922.jpg,972,2
query/0540_c3_f0121574.jpg,972,3
query/0540_c4_f0119318.jpg,972,4
query/0541_c1_f0139612.jpg,973,1
query/0541_c2_f0140045.jpg,973,2
query/0541_c5_f0142654.jpg,973,5
query/0541_c6_f0119369.jpg,973,6
query/0542_c1_f0140907.jpg,974,1
query/0542_c2_f0140711.jpg,974,2
query/0542_c5_f0142768.jpg,974,5
query/0542_c6_f0118709.jpg,974,6
query/0542_c7_f0123313.jpg,974,7
query/0543_c1_f0141101.jpg,975,1
query/0543_c2_f0140978.jpg,975,2
query/0543_c5_f0143576.jpg,975,5
query/0543_c6_f0120056.jpg,975,6
query/0549_c1_f0142066.jpg,976,1
query/0549_c8_f0098146.jpg,976,8
query/0551_c1_f0142560.jpg,977,1
query/0551_c5_f0151271.jpg,977,5
query/0551_c6_f0129940.jpg,977,6
query/0552_c1_f0145133.jpg,978,1
query/0552_c2_f0148444.jpg,978,2
query/0552_c3_f0125306.jpg,978,3
query/0552_c4_f0122212.jpg,978,4
query/0553_c1_f0146128.jpg,979,1
query/0553_c2_f0145806.jpg,979,2
query/0553_c5_f0147183.jpg,979,5
query/0553_c6_f0122801.jpg,979,6
query/0554_c1_f0146988.jpg,980,1
query/0554_c8_f0103445.jpg,980,8
query/0555_c1_f0146667.jpg,981,1
query/0555_c2_f0146806.jpg,981,2
query/0555_c3_f0122063.jpg,981,3
query/0555_c4_f0116243.jpg,981,4
query/0560_c1_f0148789.jpg,982,1
query/0560_c8_f0104842.jpg,982,8
query/0565_c1_f0150268.jpg,983,1
query/0565_c2_f0150172.jpg,983,2
query/0565_c5_f0152440.jpg,983,5
query/0565_c6_f0128638.jpg,983,6
query/0567_c1_f0151055.jpg,984,1
query/0567_c2_f0154913.jpg,984,2
query/0570_c1_f0150879.jpg,985,1
query/0570_c2_f0155569.jpg,985,2
query/0570_c3_f0133827.jpg,985,3
query/0570_c4_f0131361.jpg,985,4
query/0571_c1_f0151441.jpg,986,1
query/0571_c2_f0155961.jpg,986,2
query/0571_c5_f0161268.jpg,986,5
query/0571_c6_f0139936.jpg,986,6
query/0576_c1_f0152684.jpg,987,1
query/0576_c2_f0156917.jpg,987,2
query/0576_c3_f0134509.jpg,987,3
query/0576_c4_f0132135.jpg,987,4
query/0577_c1_f0152623.jpg,988,1
query/0577_c2_f0157240.jpg,988,2
query/0580_c1_f0153407.jpg,989,1
query/0580_c2_f0158091.jpg,989,2
query/0580_c3_f0135641.jpg,989,3
query/0580_c4_f0134680.jpg,989,4
query/0581_c1_f0153952.jpg,990,1
query/0581_c2_f0157655.jpg,990,2
query/0581_c3_f0134935.jpg,990,3
query/0581_c4_f0132958.jpg,990,4
query/0583_c1_f0154292.jpg,991,1
query/0583_c2_f0158329.jpg,991,2
query/0583_c5_f0163901.jpg,991,5
query/0583_c6_f0143063.jpg,991,6
query/0584_c1_f0153814.jpg,992,1
query/0584_c2_f0158489.jpg,992,2
query/0584_c5_f0163338.jpg,992,5
query/0584_c6_f0143183.jpg,992,6
query/0586_c1_f0154024.jpg,993,1
query/0586_c2_f0164318.jpg,993,2
query/0586_c3_f0144264.jpg,993,3
query/0586_c5_f0172845.jpg,993,5
query/0586_c6_f0151826.jpg,993,6
query/0587_c1_f0154326.jpg,994,1
query/0587_c2_f0158413.jpg,994,2
query/0587_c3_f0135815.jpg,994,3
query/0587_c4_f0133429.jpg,994,4
query/0590_c1_f0155083.jpg,995,1
query/0590_c2_f0158584.jpg,995,2
query/0590_c5_f0163505.jpg,995,5
query/0590_c6_f0142498.jpg,995,6
query/0591_c1_f0154606.jpg,996,1
query/0591_c2_f0158813.jpg,996,2
query/0591_c5_f0163545.jpg,996,5
query/0591_c6_f0143513.jpg,996,6
query/0592_c1_f0155107.jpg,997,1
query/0592_c2_f0155313.jpg,997,2
query/0592_c5_f0157590.jpg,997,5
query/0592_c6_f0134334.jpg,997,6
query/0593_c1_f0155421.jpg,998,1
query/0593_c8_f0110608.jpg,998,8
query/0594_c1_f0155572.jpg,999,1
query/0594_c2_f0160182.jpg,999,2
query/0596_c1_f0156063.jpg,1000,1
query/0596_c6_f0144068.jpg,1000,6
query/0596_c7_f0146279.jpg,1000,7
query/0597_c1_f0156209.jpg,1001,1
query/0597_c8_f0113262.jpg,1001,8
query/0599_c1_f0156731.jpg,1002,1
query/0599_c2_f0161466.jpg,1002,2
query/0601_c1_f0156867.jpg,1003,1
query/0601_c2_f0161262.jpg,1003,2
query/0601_c3_f0138880.jpg,1003,3
query/0601_c4_f0137323.jpg,1003,4
query/0603_c1_f0157189.jpg,1004,1
query/0603_c2_f0161595.jpg,1004,2
query/0603_c3_f0138939.jpg,1004,3
query/0603_c4_f0136027.jpg,1004,4
query/0605_c1_f0157755.jpg,1005,1
query/0605_c2_f0162028.jpg,1005,2
query/0605_c5_f0166721.jpg,1005,5
query/0605_c6_f0146840.jpg,1005,6
query/0608_c1_f0157906.jpg,1006,1
query/0608_c2_f0161637.jpg,1006,2
query/0611_c1_f0158718.jpg,1007,1
query/0611_c2_f0162949.jpg,1007,2
query/0612_c1_f0158465.jpg,1008,1
query/0612_c2_f0163295.jpg,1008,2
query/0612_c3_f0140845.jpg,1008,3
query/0612_c4_f0139061.jpg,1008,4
query/0620_c1_f0159323.jpg,1009,1
query/0620_c2_f0164091.jpg,1009,2
query/0620_c3_f0141203.jpg,1009,3
query/0620_c4_f0139339.jpg,1009,4
query/0621_c1_f0159814.jpg,1010,1
query/0621_c2_f0164821.jpg,1010,2
query/0621_c8_f0123264.jpg,1010,8
query/0625_c1_f0159310.jpg,1011,1
query/0625_c2_f0163404.jpg,1011,2
query/0625_c5_f0168382.jpg,1011,5
query/0625_c6_f0146947.jpg,1011,6
query/0626_c1_f0160058.jpg,1012,1
query/0626_c2_f0159911.jpg,1012,2
query/0626_c5_f0162121.jpg,1012,5
query/0626_c6_f0137786.jpg,1012,6
query/0627_c1_f0159814.jpg,1013,1
query/0627_c2_f0164879.jpg,1013,2
query/0629_c1_f0159572.jpg,1014,1
query/0629_c2_f0164620.jpg,1014,2
query/0631_c1_f0209889.jpg,1015,1
query/0631_c2_f0209002.jpg,1015,2
query/0631_c5_f0211497.jpg,1015,5
query/0632_c1_f0160919.jpg,1016,1
query/0632_c2_f0165473.jpg,1016,2
query/0632_c5_f0169842.jpg,1016,5
query/0632_c6_f0148723.jpg,1016,6
query/0635_c1_f0161167.jpg,1017,1
query/0635_c2_f0161628.jpg,1017,2
query/0635_c3_f0137077.jpg,1017,3
query/0635_c4_f0131693.jpg,1017,4
query/0641_c1_f0163191.jpg,1018,1
query/0641_c2_f0163207.jpg,1018,2
query/0641_c5_f0165672.jpg,1018,5
query/0641_c6_f0141658.jpg,1018,6
query/0643_c1_f0163363.jpg,1019,1
query/0643_c5_f0172551.jpg,1019,5
query/0643_c6_f0151564.jpg,1019,6
query/0644_c1_f0163732.jpg,1020,1
query/0644_c2_f0168266.jpg,1020,2
query/0644_c5_f0173412.jpg,1020,5
query/0644_c6_f0153041.jpg,1020,6
query/0646_c1_f0163774.jpg,1021,1
query/0646_c2_f0163884.jpg,1021,2
query/0646_c3_f0139064.jpg,1021,3
query/0646_c4_f0133387.jpg,1021,4
query/0647_c1_f0164609.jpg,1022,1
query/0647_c5_f0166452.jpg,1022,5
query/0647_c6_f0142313.jpg,1022,6
query/0648_c1_f0164965.jpg,1023,1
query/0648_c5_f0174176.jpg,1023,5
query/0648_c6_f0152711.jpg,1023,6
query/0649_c1_f0165061.jpg,1024,1
query/0649_c2_f0169208.jpg,1024,2
query/0651_c1_f0164753.jpg,1025,1
query/0651_c2_f0169434.jpg,1025,2
query/0651_c3_f0147065.jpg,1025,3
query/0651_c4_f0144647.jpg,1025,4
query/0652_c1_f0165125.jpg,1026,1
query/0652_c2_f0169788.jpg,1026,2
query/0652_c3_f0146953.jpg,1026,3
query/0652_c4_f0145000.jpg,1026,4
query/0654_c1_f0165081.jpg,1027,1
query/0654_c2_f0170023.jpg,1027,2
query/0656_c1_f0165893.jpg,1028,1
query/0656_c2_f0169649.jpg,1028,2
query/0656_c5_f0174707.jpg,1028,5
query/0656_c6_f0153689.jpg,1028,6
query/0656_c7_f0156240.jpg,1028,7
query/0661_c1_f0167273.jpg,1029,1
query/0661_c5_f0169114.jpg,1029,5
query/0661_c7_f0149108.jpg,1029,7
query/0663_c1_f0167408.jpg,1030,1
query/0663_c2_f0171538.jpg,1030,2
query/0672_c1_f0169358.jpg,1031,1
query/0672_c2_f0173029.jpg,1031,2
query/0672_c5_f0178036.jpg,1031,5
query/0672_c6_f0157763.jpg,1031,6
query/0674_c1_f0169766.jpg,1032,1
query/0674_c2_f0173604.jpg,1032,2
query/0674_c3_f0151039.jpg,1032,3
query/0674_c4_f0148493.jpg,1032,4
query/0676_c1_f0169912.jpg,1033,1
query/0676_c2_f0170538.jpg,1033,2
query/0676_c3_f0145844.jpg,1033,3
query/0676_c4_f0139942.jpg,1033,4
query/0678_c1_f0170334.jpg,1034,1
query/0678_c8_f0132921.jpg,1034,8
query/0680_c1_f0170134.jpg,1035,1
query/0680_c8_f0132909.jpg,1035,8
query/0681_c1_f0170525.jpg,1036,1
query/0681_c8_f0132979.jpg,1036,8
query/0683_c1_f0170610.jpg,1037,1
query/0683_c5_f0173266.jpg,1037,5
query/0683_c6_f0149532.jpg,1037,6
query/0685_c1_f0170894.jpg,1038,1
query/0685_c2_f0176228.jpg,1038,2
query/0685_c5_f0181653.jpg,1038,5
query/0685_c6_f0161499.jpg,1038,6
query/0686_c1_f0171644.jpg,1039,1
query/0686_c2_f0175719.jpg,1039,2
query/0686_c5_f0181214.jpg,1039,5
query/0686_c6_f0160847.jpg,1039,6
query/0688_c1_f0171728.jpg,1040,1
query/0688_c8_f0127761.jpg,1040,8
query/0690_c1_f0172474.jpg,1041,1
query/0690_c2_f0172095.jpg,1041,2
query/0690_c3_f0147795.jpg,1041,3
query/0690_c4_f0142152.jpg,1041,4
query/0691_c1_f0172071.jpg,1042,1
query/0691_c2_f0172323.jpg,1042,2
query/0691_c5_f0174767.jpg,1042,5
query/0691_c6_f0150534.jpg,1042,6
query/0693_c1_f0173023.jpg,1043,1
query/0693_c2_f0172472.jpg,1043,2
query/0693_c5_f0174356.jpg,1043,5
query/0693_c6_f0150179.jpg,1043,6
query/0694_c1_f0172936.jpg,1044,1
query/0694_c2_f0172721.jpg,1044,2
query/0694_c5_f0174256.jpg,1044,5
query/0694_c6_f0150578.jpg,1044,6
query/0695_c1_f0172669.jpg,1045,1
query/0695_c8_f0127749.jpg,1045,8
query/0698_c1_f0173689.jpg,1046,1
query/0698_c2_f0173610.jpg,1046,2
query/0698_c3_f0148278.jpg,1046,3
query/0698_c4_f0143198.jpg,1046,4
query/0699_c1_f0173982.jpg,1047,1
query/0699_c2_f0177606.jpg,1047,2
query/0699_c3_f0154568.jpg,1047,3
query/0699_c4_f0152518.jpg,1047,4
query/0700_c1_f0173718.jpg,1048,1
query/0700_c2_f0173928.jpg,1048,2
query/0700_c3_f0149681.jpg,1048,3
query/0701_c1_f0174088.jpg,1049,1
query/0701_c2_f0178449.jpg,1049,2
query/0702_c1_f0174643.jpg,1050,1
query/0702_c2_f0174426.jpg,1050,2
query/0703_c1_f0174315.jpg,1051,1
query/0703_c5_f0176526.jpg,1051,5
query/0703_c6_f0153080.jpg,1051,6
query/0705_c1_f0175748.jpg,1052,1
query/0705_c2_f0179576.jpg,1052,2
query/0705_c5_f0184601.jpg,1052,5
query/0705_c6_f0163610.jpg,1052,6
query/0706_c1_f0176472.jpg,1053,1
query/0706_c2_f0180834.jpg,1053,2
query/0706_c3_f0158781.jpg,1053,3
query/0707_c1_f0176667.jpg,1054,1
query/0707_c2_f0180442.jpg,1054,2
query/0707_c5_f0185196.jpg,1054,5
query/0707_c6_f0164065.jpg,1054,6
query/0709_c1_f0177555.jpg,1055,1
query/0709_c2_f0181744.jpg,1055,2
query/0709_c5_f0186879.jpg,1055,5
query/0709_c6_f0165842.jpg,1055,6
query/0711_c1_f0176985.jpg,1056,1
query/0711_c2_f0182135.jpg,1056,2
query/0711_c5_f0186899.jpg,1056,5
query/0711_c6_f0166122.jpg,1056,6
query/0712_c1_f0177251.jpg,1057,1
query/0712_c2_f0182294.jpg,1057,2
query/0712_c5_f0186686.jpg,1057,5
query/0712_c6_f0165928.jpg,1057,6
query/0717_c1_f0180377.jpg,1058,1
query/0717_c5_f0188960.jpg,1058,5
query/0717_c6_f0167712.jpg,1058,6
query/0718_c1_f0181440.jpg,1059,1
query/0718_c2_f0181635.jpg,1059,2
query/0718_c3_f0156807.jpg,1059,3
query/0718_c4_f0151390.jpg,1059,4
query/0722_c1_f0182039.jpg,1060,1
query/0722_c2_f0186607.jpg,1060,2
query/0722_c5_f0192213.jpg,1060,5
query/0722_c6_f0171355.jpg,1060,6
query/0726_c1_f0182271.jpg,1061,1
query/0726_c2_f0182392.jpg,1061,2
query/0726_c3_f0158108.jpg,1061,3
query/0726_c4_f0152264.jpg,1061,4
query/0729_c1_f0183229.jpg,1062,1
query/0729_c2_f0197943.jpg,1062,2
query/0729_c5_f0214921.jpg,1062,5
query/0729_c6_f0197978.jpg,1062,6
query/0733_c1_f0184116.jpg,1063,1
query/0733_c2_f0183841.jpg,1063,2
query/0733_c5_f0186008.jpg,1063,5
query/0733_c6_f0161471.jpg,1063,6
query/0733_c7_f0166436.jpg,1063,7
query/0734_c1_f0185042.jpg,1064,1
query/0734_c2_f0185107.jpg,1064,2
query/0736_c1_f0185189.jpg,1065,1
query/0736_c8_f0141084.jpg,1065,8
query/0738_c1_f0185790.jpg,1066,1
query/0738_c2_f0185448.jpg,1066,2
query/0738_c5_f0180062.jpg,1066,5
query/0738_c6_f0155308.jpg,1066,6
query/0741_c1_f0186294.jpg,1067,1
query/0741_c2_f0186066.jpg,1067,2
query/0742_c1_f0186694.jpg,1068,1
query/0742_c5_f0195520.jpg,1068,5
query/0742_c6_f0174632.jpg,1068,6
query/0742_c7_f0177207.jpg,1068,7
query/0743_c1_f0187015.jpg,1069,1
query/0743_c2_f0186972.jpg,1069,2
query/0743_c5_f0189133.jpg,1069,5
query/0743_c6_f0165634.jpg,1069,6
query/0746_c1_f0187681.jpg,1070,1
query/0746_c8_f0143434.jpg,1070,8
query/0748_c1_f0188781.jpg,1071,1
query/0748_c2_f0193606.jpg,1071,2
query/0748_c5_f0199513.jpg,1071,5
query/0748_c6_f0179783.jpg,1071,6
query/0749_c1_f0188863.jpg,1072,1
query/0749_c2_f0194282.jpg,1072,2
query/0749_c5_f0199170.jpg,1072,5
query/0749_c6_f0179171.jpg,1072,6
query/0750_c1_f0188299.jpg,1073,1
query/0750_c2_f0194213.jpg,1073,2
query/0750_c5_f0199210.jpg,1073,5
query/0750_c6_f0179999.jpg,1073,6
query/0752_c1_f0188413.jpg,1074,1
query/0752_c2_f0192518.jpg,1074,2
query/0752_c3_f0169378.jpg,1074,3
query/0752_c4_f0166331.jpg,1074,4
query/0754_c1_f0188999.jpg,1075,1
query/0754_c8_f0150030.jpg,1075,8
query/0755_c1_f0189331.jpg,1076,1
query/0755_c2_f0189161.jpg,1076,2
query/0756_c1_f0189583.jpg,1077,1
query/0756_c2_f0188508.jpg,1077,2
query/0757_c1_f0189638.jpg,1078,1
query/0757_c2_f0193511.jpg,1078,2
query/0757_c5_f0197649.jpg,1078,5
query/0757_c6_f0176371.jpg,1078,6
query/0757_c7_f0178858.jpg,1078,7
query/0758_c1_f0190129.jpg,1079,1
query/0758_c7_f0173346.jpg,1079,7
query/0760_c1_f0190445.jpg,1080,1
query/0760_c8_f0145895.jpg,1080,8
query/0763_c1_f0191379.jpg,1081,1
query/0763_c2_f0196273.jpg,1081,2
query/0763_c3_f0173182.jpg,1081,3
query/0765_c1_f0191688.jpg,1082,1
query/0765_c2_f0195693.jpg,1082,2
query/0765_c3_f0173201.jpg,1082,3
query/0766_c1_f0191477.jpg,1083,1
query/0766_c2_f0194175.jpg,1083,2
query/0766_c5_f0198391.jpg,1083,5
query/0766_c6_f0176828.jpg,1083,6
query/0766_c7_f0179860.jpg,1083,7
query/0769_c1_f0192691.jpg,1084,1
query/0769_c2_f0192026.jpg,1084,2
query/0769_c5_f0194505.jpg,1084,5
query/0769_c6_f0170002.jpg,1084,6
query/0772_c1_f0193005.jpg,1085,1
query/0772_c2_f0193199.jpg,1085,2
query/0773_c1_f0193290.jpg,1086,1
query/0773_c2_f0198704.jpg,1086,2
query/0775_c1_f0194544.jpg,1087,1
query/0775_c2_f0198140.jpg,1087,2
query/0775_c3_f0175874.jpg,1087,3
query/0775_c4_f0173821.jpg,1087,4
query/0777_c1_f0195309.jpg,1088,1
query/0777_c2_f0199405.jpg,1088,2
query/0777_c3_f0176760.jpg,1088,3
query/0777_c4_f0174618.jpg,1088,4
query/0781_c1_f0196318.jpg,1089,1
query/0781_c2_f0200367.jpg,1089,2
query/0781_c5_f0205158.jpg,1089,5
query/0781_c6_f0184266.jpg,1089,6
query/0786_c1_f0199087.jpg,1090,1
query/0786_c6_f0178739.jpg,1090,6
query/0786_c7_f0182922.jpg,1090,7
query/0786_c8_f0156589.jpg,1090,8
query/0787_c1_f0199071.jpg,1091,1
query/0787_c8_f0155739.jpg,1091,8
query/0788_c1_f0199532.jpg,1092,1
query/0788_c2_f0200573.jpg,1092,2
query/0788_c3_f0175923.jpg,1092,3
query/0788_c4_f0170496.jpg,1092,4
query/0790_c1_f0200112.jpg,1093,1
query/0790_c2_f0199877.jpg,1093,2
query/0790_c3_f0175572.jpg,1093,3
query/0790_c4_f0169663.jpg,1093,4
query/0791_c1_f0200160.jpg,1094,1
query/0791_c6_f0177898.jpg,1094,6
query/0791_c7_f0182278.jpg,1094,7
query/0791_c8_f0156066.jpg,1094,8
query/0792_c1_f0200158.jpg,1095,1
query/0792_c8_f0156185.jpg,1095,8
query/0794_c1_f0200202.jpg,1096,1
query/0794_c2_f0204788.jpg,1096,2
query/0794_c5_f0209758.jpg,1096,5
query/0794_c6_f0189029.jpg,1096,6
query/0804_c1_f0204340.jpg,1097,1
query/0804_c2_f0210354.jpg,1097,2
query/0804_c3_f0187070.jpg,1097,3
query/0806_c1_f0204615.jpg,1098,1
query/0806_c2_f0207320.jpg,1098,2
query/0806_c3_f0184124.jpg,1098,3
query/0806_c4_f0180979.jpg,1098,4
query/0807_c1_f0101261.jpg,1099,1
query/0807_c8_f0058266.jpg,1099,8
query/0809_c1_f0205438.jpg,1100,1
query/0809_c8_f0162346.jpg,1100,8
query/0810_c1_f0205508.jpg,1101,1
query/0810_c2_f0208641.jpg,1101,2
query/0810_c3_f0185898.jpg,1101,3
query/0812_c1_f0205728.jpg,1102,1
query/0812_c2_f0206282.jpg,1102,2
query/0812_c5_f0208951.jpg,1102,5
query/0812_c6_f0185313.jpg,1102,6
query/0816_c1_f0206925.jpg,1103,1
query/0816_c2_f0206679.jpg,1103,2
query/0816_c3_f0182166.jpg,1103,3
query/0816_c4_f0177057.jpg,1103,4
query/0818_c1_f0208307.jpg,1104,1
query/0818_c2_f0207925.jpg,1104,2
query/0818_c3_f0183040.jpg,1104,3
query/0818_c4_f0178002.jpg,1104,4
query/0820_c1_f0209535.jpg,1105,1
query/0820_c2_f0215254.jpg,1105,2
query/0823_c1_f0209808.jpg,1106,1
query/0823_c2_f0209264.jpg,1106,2
query/0823_c3_f0184392.jpg,1106,3
query/0823_c4_f0178938.jpg,1106,4
query/0824_c1_f0210104.jpg,1107,1
query/0824_c2_f0209733.jpg,1107,2
query/0824_c3_f0184560.jpg,1107,3
query/0824_c4_f0178586.jpg,1107,4
query/0826_c1_f0210134.jpg,1108,1
query/0826_c8_f0167158.jpg,1108,8
query/0828_c1_f0211484.jpg,1109,1
query/0828_c2_f0211498.jpg,1109,2
query/0828_c5_f0213344.jpg,1109,5
query/0828_c6_f0189070.jpg,1109,6
query/0830_c1_f0212261.jpg,1110,1
query/0830_c2_f0216994.jpg,1110,2
query/0830_c5_f0221428.jpg,1110,5
query/0832_c1_f0213639.jpg,1111,1
query/0832_c2_f0212573.jpg,1111,2
query/0832_c3_f0188118.jpg,1111,3
query/0834_c1_f0215372.jpg,1112,1
query/0834_c2_f0215495.jpg,1112,2
query/0834_c3_f0190667.jpg,1112,3
query/0834_c4_f0184330.jpg,1112,4
query/0838_c1_f0217646.jpg,1113,1
query/0838_c2_f0221264.jpg,1113,2
query/0840_c1_f0217473.jpg,1114,1
query/0840_c6_f0193672.jpg,1114,6
query/0840_c7_f0198477.jpg,1114,7
query/0845_c1_f0218122.jpg,1115,1
query/0845_c2_f0223248.jpg,1115,2
query/0846_c1_f0218221.jpg,1116,1
query/0846_c8_f0180744.jpg,1116,8
query/0847_c1_f0219017.jpg,1117,1
query/0847_c2_f0223220.jpg,1117,2
query/0849_c1_f0219362.jpg,1118,1
query/0849_c2_f0218633.jpg,1118,2
query/0849_c5_f0220887.jpg,1118,5
query/0849_c6_f0196572.jpg,1118,6
query/0849_c7_f0200969.jpg,1118,7
query/1104_c1_f0204686.jpg,1119,1
query/1104_c2_f0211019.jpg,1119,2
query/1104_c3_f0188453.jpg,1119,3
query/1104_c4_f0188683.jpg,1119,4
query/1108_c2_f0168647.jpg,1120,2
query/1108_c3_f0146549.jpg,1120,3
query/1108_c5_f0218954.jpg,1120,5
query/1108_c6_f0176009.jpg,1120,6
query/1108_c7_f0198736.jpg,1120,7
query/1109_c2_f0167270.jpg,1121,2
query/1109_c3_f0147451.jpg,1121,3
query/1109_c5_f0219204.jpg,1121,5
query/1109_c7_f0198506.jpg,1121,7
query/1110_c2_f0166986.jpg,1122,2
query/1110_c3_f0148251.jpg,1122,3
query/1110_c5_f0218364.jpg,1122,5
query/1110_c7_f0198800.jpg,1122,7
query/1228_c1_f0215393.jpg,1123,1
query/1228_c2_f0215308.jpg,1123,2
query/1228_c3_f0190848.jpg,1123,3
query/1228_c4_f0185669.jpg,1123,4
query/1233_c2_f0046454.jpg,1124,2
query/1233_c5_f0050862.jpg,1124,5
query/1233_c6_f0030558.jpg,1124,6
query/1290_c2_f0066585.jpg,1125,2
query/1290_c8_f0021912.jpg,1125,8
query/1297_c2_f0068237.jpg,1126,2
query/1297_c3_f0046161.jpg,1126,3
query/1297_c4_f0043422.jpg,1126,4
query/1297_c5_f0072488.jpg,1126,5
query/1297_c8_f0023849.jpg,1126,8
query/1314_c2_f0070835.jpg,1127,2
query/1314_c3_f0048543.jpg,1127,3
query/1314_c4_f0045630.jpg,1127,4
query/1314_c5_f0075016.jpg,1127,5
query/1366_c2_f0082073.jpg,1128,2
query/1366_c5_f0087610.jpg,1128,5
query/1366_c6_f0067113.jpg,1128,6
query/1382_c2_f0086555.jpg,1129,2
query/1382_c3_f0064484.jpg,1129,3
query/1382_c4_f0061953.jpg,1129,4
query/1382_c5_f0090873.jpg,1129,5
query/1386_c2_f0087221.jpg,1130,2
query/1386_c3_f0064242.jpg,1130,3
query/1386_c4_f0062288.jpg,1130,4
query/1398_c2_f0089175.jpg,1131,2
query/1398_c8_f0048745.jpg,1131,8
query/1403_c2_f0089218.jpg,1132,2
query/1403_c3_f0067158.jpg,1132,3
query/1403_c5_f0095769.jpg,1132,5
query/1403_c6_f0075533.jpg,1132,6
query/1421_c2_f0091841.jpg,1133,2
query/1421_c3_f0069829.jpg,1133,3
query/1421_c4_f0067343.jpg,1133,4
query/1440_c2_f0094788.jpg,1134,2
query/1440_c3_f0069697.jpg,1134,3
query/1440_c4_f0064347.jpg,1134,4
query/1440_c5_f0097727.jpg,1134,5
query/1440_c8_f0052723.jpg,1134,8
query/1463_c2_f0109787.jpg,1135,2
query/1463_c5_f0099598.jpg,1135,5
query/1463_c6_f0075649.jpg,1135,6
query/1480_c2_f0098647.jpg,1136,2
query/1480_c3_f0073778.jpg,1136,3
query/1480_c4_f0068086.jpg,1136,4
query/1480_c5_f0101437.jpg,1136,5
query/1480_c8_f0056799.jpg,1136,8
query/1486_c2_f0099926.jpg,1137,2
query/1486_c3_f0074486.jpg,1137,3
query/1486_c4_f0069129.jpg,1137,4
query/1487_c2_f0099808.jpg,1138,2
query/1487_c3_f0075077.jpg,1138,3
query/1487_c4_f0068564.jpg,1138,4
query/1489_c2_f0100072.jpg,1139,2
query/1489_c8_f0055188.jpg,1139,8
query/1490_c2_f0099738.jpg,1140,2
query/1490_c3_f0074655.jpg,1140,3
query/1518_c2_f0103260.jpg,1141,2
query/1518_c3_f0077661.jpg,1141,3
query/1518_c4_f0072264.jpg,1141,4
query/1518_c5_f0105880.jpg,1141,5
query/1555_c2_f0108163.jpg,1142,2
query/1555_c3_f0085478.jpg,1142,3
query/1555_c4_f0083410.jpg,1142,4
query/1555_c5_f0080649.jpg,1142,5
query/1555_c6_f0056742.jpg,1142,6
query/1585_c2_f0114282.jpg,1143,2
query/1585_c8_f0068227.jpg,1143,8
query/1586_c2_f0113071.jpg,1144,2
query/1586_c3_f0090661.jpg,1144,3
query/1586_c4_f0088680.jpg,1144,4
query/1598_c2_f0114536.jpg,1145,2
query/1598_c3_f0089953.jpg,1145,3
query/1626_c2_f0120806.jpg,1146,2
query/1626_c3_f0097579.jpg,1146,3
query/1626_c4_f0095658.jpg,1146,4
query/1635_c2_f0121328.jpg,1147,2
query/1635_c3_f0096207.jpg,1147,3
query/1635_c4_f0091041.jpg,1147,4
query/1635_c5_f0124072.jpg,1147,5
query/1642_c2_f0123305.jpg,1148,2
query/1642_c3_f0101242.jpg,1148,3
query/1642_c4_f0099114.jpg,1148,4
query/1642_c5_f0127684.jpg,1148,5
query/1699_c2_f0131613.jpg,1149,2
query/1699_c3_f0109277.jpg,1149,3
query/1699_c4_f0106406.jpg,1149,4
query/1723_c2_f0135677.jpg,1150,2
query/1723_c3_f0113500.jpg,1150,3
query/1723_c4_f0111106.jpg,1150,4
query/1723_c5_f0140278.jpg,1150,5
query/1724_c2_f0136153.jpg,1151,2
query/1724_c3_f0111386.jpg,1151,3
query/1724_c4_f0105859.jpg,1151,4
query/1725_c2_f0135814.jpg,1152,2
query/1725_c3_f0113300.jpg,1152,3
query/1725_c4_f0110869.jpg,1152,4
query/1745_c2_f0142252.jpg,1153,2
query/1745_c3_f0119917.jpg,1153,3
query/1745_c4_f0117472.jpg,1153,4
query/1745_c5_f0146627.jpg,1153,5
query/1749_c2_f0142828.jpg,1154,2
query/1749_c3_f0120561.jpg,1154,3
query/1749_c4_f0118286.jpg,1154,4
query/1749_c5_f0147288.jpg,1154,5
query/1750_c2_f0143315.jpg,1155,2
query/1750_c3_f0118508.jpg,1155,3
query/1750_c4_f0113868.jpg,1155,4
query/1758_c2_f0148110.jpg,1156,2
query/1758_c3_f0125662.jpg,1156,3
query/1758_c4_f0123065.jpg,1156,4
query/1758_c5_f0152553.jpg,1156,5
query/1766_c2_f0150423.jpg,1157,2
query/1766_c3_f0127601.jpg,1157,3
query/1766_c5_f0155362.jpg,1157,5
query/1766_c6_f0134562.jpg,1157,6
query/1775_c2_f0153898.jpg,1158,2
query/1775_c5_f0156477.jpg,1158,5
query/1775_c6_f0132667.jpg,1158,6
query/1782_c2_f0155617.jpg,1159,2
query/1782_c8_f0111215.jpg,1159,8
query/1784_c2_f0155962.jpg,1160,2
query/1784_c3_f0131286.jpg,1160,3
query/1785_c2_f0160032.jpg,1161,2
query/1785_c3_f0130901.jpg,1161,3
query/1785_c4_f0123797.jpg,1161,4
query/1785_c5_f0165256.jpg,1161,5
query/1785_c8_f0176502.jpg,1161,8
query/1788_c2_f0156485.jpg,1162,2
query/1788_c3_f0131192.jpg,1162,3
query/1788_c5_f0159274.jpg,1162,5
query/1790_c2_f0156804.jpg,1163,2
query/1790_c3_f0135279.jpg,1163,3
query/1790_c4_f0133614.jpg,1163,4
query/1790_c5_f0161442.jpg,1163,5
query/1811_c2_f0160032.jpg,1164,2
query/1811_c3_f0135556.jpg,1164,3
query/1811_c4_f0130245.jpg,1164,4
query/1834_c2_f0162981.jpg,1165,2
query/1834_c3_f0137933.jpg,1165,3
query/1834_c4_f0132534.jpg,1165,4
query/1834_c5_f0165887.jpg,1165,5
query/1834_c8_f0120700.jpg,1165,8
query/1893_c2_f0172551.jpg,1166,2
query/1893_c3_f0148043.jpg,1166,3
query/1893_c5_f0174479.jpg,1166,5
query/1893_c6_f0150822.jpg,1166,6
query/1901_c2_f0174281.jpg,1167,2
query/1901_c3_f0149823.jpg,1167,3
query/1901_c4_f0145200.jpg,1167,4
query/2001_c2_f0205882.jpg,1168,2
query/2001_c3_f0183632.jpg,1168,3
query/2001_c5_f0210306.jpg,1168,5
query/2012_c2_f0208386.jpg,1169,2
query/2012_c3_f0185988.jpg,1169,3
query/2012_c4_f0183415.jpg,1169,4
query/2023_c2_f0210412.jpg,1170,2
query/2023_c3_f0185641.jpg,1170,3
query/2053_c2_f0222845.jpg,1171,2
query/2053_c3_f0197416.jpg,1171,3
query/2053_c4_f0192069.jpg,1171,4
query/2407_c3_f0031171.jpg,1172,3
query/2407_c4_f0029021.jpg,1172,4
query/2407_c5_f0057777.jpg,1172,5
query/2407_c7_f0037552.jpg,1172,7
query/2407_c8_f0008261.jpg,1172,8
query/2429_c3_f0042463.jpg,1173,3
query/2429_c5_f0071158.jpg,1173,5
query/2429_c6_f0049670.jpg,1173,6
query/2454_c3_f0053049.jpg,1174,3
query/2454_c5_f0081511.jpg,1174,5
query/2454_c6_f0060381.jpg,1174,6
query/2470_c3_f0061821.jpg,1175,3
query/2470_c4_f0055665.jpg,1175,4
query/2470_c5_f0089865.jpg,1175,5
query/2470_c6_f0070002.jpg,1175,6
query/2471_c3_f0061483.jpg,1176,3
query/2471_c4_f0055513.jpg,1176,4
query/2471_c5_f0089520.jpg,1176,5
query/2471_c6_f0069410.jpg,1176,6
query/2479_c3_f0064080.jpg,1177,3
query/2479_c4_f0058547.jpg,1177,4
query/2479_c5_f0091504.jpg,1177,5
query/2479_c7_f0073760.jpg,1177,7
query/2488_c3_f0066429.jpg,1178,3
query/2488_c4_f0064455.jpg,1178,4
query/2488_c5_f0093142.jpg,1178,5
query/2495_c3_f0067724.jpg,1179,3
query/2495_c5_f0095846.jpg,1179,5
query/2495_c6_f0075518.jpg,1179,6
query/2532_c3_f0074485.jpg,1180,3
query/2532_c5_f0100380.jpg,1180,5
query/2532_c6_f0076743.jpg,1180,6
query/2556_c3_f0079445.jpg,1181,3
query/2556_c5_f0105491.jpg,1181,5
query/2556_c7_f0084670.jpg,1181,7
query/2557_c3_f0079758.jpg,1182,3
query/2557_c5_f0105275.jpg,1182,5
query/2557_c7_f0085259.jpg,1182,7
query/2573_c3_f0082109.jpg,1183,3
query/2573_c5_f0108428.jpg,1183,5
query/2573_c7_f0088854.jpg,1183,7
query/2599_c3_f0094872.jpg,1184,3
query/2599_c5_f0123801.jpg,1184,5
query/2599_c6_f0103275.jpg,1184,6
query/2724_c3_f0148690.jpg,1185,3
query/2724_c5_f0175396.jpg,1185,5
query/2724_c8_f0127496.jpg,1185,8
query/2736_c3_f0157657.jpg,1186,3
query/2736_c5_f0183581.jpg,1186,5
query/2736_c6_f0159549.jpg,1186,6
query/2754_c4_f0167000.jpg,1187,4
query/2754_c5_f0195984.jpg,1187,5
query/2754_c6_f0171824.jpg,1187,6
query/2754_c7_f0176289.jpg,1187,7
query/2768_c3_f0178153.jpg,1188,3
query/2768_c4_f0171292.jpg,1188,4
query/2768_c5_f0222678.jpg,1188,5
query/2772_c3_f0199365.jpg,1189,3
query/2772_c4_f0171329.jpg,1189,4
query/2772_c5_f0222630.jpg,1189,5
query/2777_c3_f0181565.jpg,1190,3
query/2777_c5_f0209622.jpg,1190,5
query/2777_c6_f0188445.jpg,1190,6
query/2942_c4_f0029506.jpg,1191,4
query/2942_c5_f0067139.jpg,1191,5
query/2942_c6_f0047746.jpg,1191,6
query/2988_c4_f0054723.jpg,1192,4
query/2988_c5_f0089268.jpg,1192,5
query/2988_c8_f0044540.jpg,1192,8
query/3201_c4_f0146067.jpg,1193,4
query/3201_c5_f0179605.jpg,1193,5
query/3202_c4_f0145448.jpg,1194,4
query/3202_c5_f0179749.jpg,1194,5
query/3259_c4_f0193760.jpg,1195,4
query/3259_c5_f0226876.jpg,1195,5
query/3335_c6_f0028756.jpg,1196,6
query/3335_c7_f0030973.jpg,1196,7
query/3353_c5_f0064343.jpg,1197,5
query/3353_c6_f0043942.jpg,1197,6
query/3354_c5_f0064589.jpg,1198,5
query/3354_c6_f0043572.jpg,1198,6
query/3358_c5_f0087001.jpg,1199,5
query/3358_c7_f0069570.jpg,1199,7
query/3358_c8_f0043266.jpg,1199,8
query/3410_c5_f0084555.jpg,1200,5
query/3410_c6_f0064274.jpg,1200,6
query/3410_c8_f0035897.jpg,1200,8
query/3446_c5_f0095876.jpg,1201,5
query/3446_c6_f0074839.jpg,1201,6
query/3446_c8_f0046676.jpg,1201,8
query/3495_c5_f0107184.jpg,1202,5
query/3495_c6_f0085748.jpg,1202,6
query/3515_c5_f0110585.jpg,1203,5
query/3515_c6_f0086755.jpg,1203,6
query/3561_c5_f0123594.jpg,1204,5
query/3561_c6_f0100189.jpg,1204,6
query/3609_c5_f0143617.jpg,1205,5
query/3609_c6_f0119994.jpg,1205,6
query/3609_c8_f0098273.jpg,1205,8
query/3618_c5_f0148084.jpg,1206,5
query/3618_c6_f0127177.jpg,1206,6
query/3638_c5_f0159594.jpg,1207,5
query/3638_c6_f0136119.jpg,1207,6
query/3649_c2_f0167298.jpg,1208,2
query/3649_c5_f0163946.jpg,1208,5
query/3649_c6_f0162972.jpg,1208,6
query/3649_c7_f0167398.jpg,1208,7
query/3664_c5_f0167874.jpg,1209,5
query/3664_c6_f0144061.jpg,1209,6
query/3674_c5_f0170132.jpg,1210,5
query/3674_c6_f0145967.jpg,1210,6
query/3731_c5_f0190369.jpg,1211,5
query/3731_c6_f0164095.jpg,1211,6
query/3731_c7_f0169587.jpg,1211,7
query/3761_c5_f0208029.jpg,1212,5
query/3761_c6_f0169189.jpg,1212,6
query/3763_c5_f0208701.jpg,1213,5
query/3763_c7_f0187845.jpg,1213,7
query/4055_c6_f0030761.jpg,1214,6
query/4055_c7_f0035925.jpg,1214,7
query/4055_c8_f0009654.jpg,1214,8
query/4057_c6_f0032975.jpg,1215,6
query/4057_c7_f0037727.jpg,1215,7
query/4057_c8_f0011362.jpg,1215,8
query/4059_c6_f0035570.jpg,1216,6
query/4059_c7_f0037567.jpg,1216,7
query/4059_c8_f0007513.jpg,1216,8
query/4060_c6_f0035171.jpg,1217,6
query/4060_c7_f0039850.jpg,1217,7
query/4060_c8_f0013397.jpg,1217,8
query/4062_c6_f0035774.jpg,1218,6
query/4062_c7_f0040298.jpg,1218,7
query/4062_c8_f0014414.jpg,1218,8
query/4065_c6_f0036742.jpg,1219,6
query/4065_c7_f0041770.jpg,1219,7
query/4065_c8_f0015920.jpg,1219,8
query/4066_c6_f0036835.jpg,1220,6
query/4066_c7_f0041894.jpg,1220,7
query/4066_c8_f0015559.jpg,1220,8
query/4070_c6_f0038021.jpg,1221,6
query/4070_c7_f0042101.jpg,1221,7
query/4070_c8_f0016049.jpg,1221,8
query/4071_c6_f0038682.jpg,1222,6
query/4071_c7_f0040732.jpg,1222,7
query/4071_c8_f0010885.jpg,1222,8
query/4072_c6_f0038383.jpg,1223,6
query/4072_c7_f0040684.jpg,1223,7
query/4072_c8_f0010450.jpg,1223,8
query/4075_c6_f0038690.jpg,1224,6
query/4075_c7_f0041274.jpg,1224,7
query/4075_c8_f0011197.jpg,1224,8
query/4079_c6_f0040114.jpg,1225,6
query/4079_c7_f0045123.jpg,1225,7
query/4082_c6_f0040940.jpg,1226,6
query/4082_c7_f0045226.jpg,1226,7
query/4082_c8_f0019685.jpg,1226,8
query/4099_c6_f0043678.jpg,1227,6
query/4099_c7_f0045850.jpg,1227,7
query/4099_c8_f0017096.jpg,1227,8
query/4100_c6_f0044284.jpg,1228,6
query/4100_c7_f0048633.jpg,1228,7
query/4100_c8_f0022895.jpg,1228,8
query/4102_c6_f0044659.jpg,1229,6
query/4102_c7_f0049224.jpg,1229,7
query/4102_c8_f0023266.jpg,1229,8
query/4106_c6_f0045522.jpg,1230,6
query/4106_c7_f0050617.jpg,1230,7
query/4106_c8_f0024029.jpg,1230,8
query/4110_c6_f0045575.jpg,1231,6
query/4110_c7_f0050641.jpg,1231,7
query/4110_c8_f0025143.jpg,1231,8
query/4113_c6_f0045427.jpg,1232,6
query/4113_c7_f0050267.jpg,1232,7
query/4113_c8_f0023695.jpg,1232,8
query/4114_c6_f0046212.jpg,1233,6
query/4114_c7_f0050416.jpg,1233,7
query/4114_c8_f0024240.jpg,1233,8
query/4116_c6_f0045825.jpg,1234,6
query/4116_c7_f0050638.jpg,1234,7
query/4116_c8_f0024630.jpg,1234,8
query/4117_c6_f0046413.jpg,1235,6
query/4117_c7_f0048622.jpg,1235,7
query/4117_c8_f0019475.jpg,1235,8
query/4118_c6_f0046964.jpg,1236,6
query/4118_c7_f0052216.jpg,1236,7
query/4118_c8_f0025956.jpg,1236,8
query/4119_c6_f0046893.jpg,1237,6
query/4119_c7_f0052199.jpg,1237,7
query/4119_c8_f0026210.jpg,1237,8
query/4121_c6_f0047307.jpg,1238,6
query/4121_c7_f0052482.jpg,1238,7
query/4121_c8_f0026195.jpg,1238,8
query/4128_c6_f0048899.jpg,1239,6
query/4128_c7_f0050931.jpg,1239,7
query/4128_c8_f0021179.jpg,1239,8
query/4134_c6_f0049764.jpg,1240,6
query/4134_c7_f0054379.jpg,1240,7
query/4134_c8_f0028135.jpg,1240,8
query/4141_c6_f0051145.jpg,1241,6
query/4141_c7_f0052589.jpg,1241,7
query/4141_c8_f0022224.jpg,1241,8
query/4143_c6_f0050799.jpg,1242,6
query/4143_c7_f0053383.jpg,1242,7
query/4143_c8_f0023992.jpg,1242,8
query/4144_c6_f0051307.jpg,1243,6
query/4144_c7_f0055604.jpg,1243,7
query/4144_c8_f0029854.jpg,1243,8
query/4146_c6_f0051660.jpg,1244,6
query/4146_c7_f0056155.jpg,1244,7
query/4146_c8_f0029749.jpg,1244,8
query/4147_c6_f0051321.jpg,1245,6
query/4147_c7_f0056038.jpg,1245,7
query/4147_c8_f0029684.jpg,1245,8
query/4150_c6_f0052008.jpg,1246,6
query/4150_c7_f0057037.jpg,1246,7
query/4150_c8_f0031082.jpg,1246,8
query/4152_c6_f0052492.jpg,1247,6
query/4152_c7_f0057003.jpg,1247,7
query/4152_c8_f0030685.jpg,1247,8
query/4158_c6_f0053966.jpg,1248,6
query/4158_c7_f0058947.jpg,1248,7
query/4158_c8_f0032480.jpg,1248,8
query/4159_c6_f0054556.jpg,1249,6
query/4159_c7_f0059188.jpg,1249,7
query/4159_c8_f0032907.jpg,1249,8
query/4163_c6_f0056485.jpg,1250,6
query/4163_c7_f0061101.jpg,1250,7
query/4163_c8_f0034899.jpg,1250,8
query/4169_c6_f0056931.jpg,1251,6
query/4169_c7_f0062012.jpg,1251,7
query/4169_c8_f0036281.jpg,1251,8
query/4170_c6_f0056589.jpg,1252,6
query/4170_c7_f0061757.jpg,1252,7
query/4170_c8_f0035692.jpg,1252,8
query/4174_c6_f0057055.jpg,1253,6
query/4174_c7_f0061981.jpg,1253,7
query/4174_c8_f0035753.jpg,1253,8
query/4176_c6_f0057706.jpg,1254,6
query/4176_c7_f0059691.jpg,1254,7
query/4176_c8_f0029782.jpg,1254,8
query/4177_c6_f0057448.jpg,1255,6
query/4177_c7_f0059658.jpg,1255,7
query/4177_c8_f0029788.jpg,1255,8
query/4178_c6_f0057630.jpg,1256,6
query/4178_c7_f0059693.jpg,1256,7
query/4178_c8_f0030121.jpg,1256,8
query/4185_c6_f0058857.jpg,1257,6
query/4185_c7_f0061270.jpg,1257,7
query/4185_c8_f0031708.jpg,1257,8
query/4190_c6_f0060181.jpg,1258,6
query/4190_c7_f0064560.jpg,1258,7
query/4190_c8_f0038517.jpg,1258,8
query/4197_c6_f0060665.jpg,1259,6
query/4197_c7_f0063237.jpg,1259,7
query/4197_c8_f0034161.jpg,1259,8
query/4204_c6_f0061718.jpg,1260,6
query/4204_c7_f0064275.jpg,1260,7
query/4204_c8_f0034354.jpg,1260,8
query/4205_c6_f0061966.jpg,1261,6
query/4205_c7_f0064241.jpg,1261,7
query/4205_c8_f0035051.jpg,1261,8
query/4207_c6_f0062397.jpg,1262,6
query/4207_c7_f0064669.jpg,1262,7
query/4207_c8_f0035625.jpg,1262,8
query/4210_c6_f0062450.jpg,1263,6
query/4210_c7_f0064987.jpg,1263,7
query/4210_c8_f0035539.jpg,1263,8
query/4219_c6_f0064674.jpg,1264,6
query/4219_c7_f0066706.jpg,1264,7
query/4219_c8_f0036644.jpg,1264,8
query/4221_c6_f0064380.jpg,1265,6
query/4221_c7_f0066934.jpg,1265,7
query/4221_c8_f0036899.jpg,1265,8
query/4226_c6_f0065884.jpg,1266,6
query/4226_c7_f0068219.jpg,1266,7
query/4226_c8_f0039006.jpg,1266,8
query/4227_c6_f0065671.jpg,1267,6
query/4227_c7_f0068045.jpg,1267,7
query/4227_c8_f0038288.jpg,1267,8
query/4228_c6_f0066183.jpg,1268,6
query/4228_c7_f0068338.jpg,1268,7
query/4228_c8_f0038211.jpg,1268,8
query/4230_c6_f0066215.jpg,1269,6
query/4230_c7_f0070872.jpg,1269,7
query/4230_c8_f0044806.jpg,1269,8
query/4239_c6_f0067853.jpg,1270,6
query/4239_c7_f0070022.jpg,1270,7
query/4239_c8_f0040606.jpg,1270,8
query/4245_c6_f0069342.jpg,1271,6
query/4245_c7_f0073821.jpg,1271,7
query/4245_c8_f0047974.jpg,1271,8
query/4246_c6_f0069150.jpg,1272,6
query/4246_c7_f0073588.jpg,1272,7
query/4246_c8_f0047892.jpg,1272,8
query/4247_c6_f0068939.jpg,1273,6
query/4247_c7_f0074181.jpg,1273,7
query/4247_c8_f0047771.jpg,1273,8
query/4249_c6_f0068968.jpg,1274,6
query/4249_c7_f0074083.jpg,1274,7
query/4249_c8_f0048277.jpg,1274,8
query/4254_c6_f0070025.jpg,1275,6
query/4254_c7_f0074387.jpg,1275,7
query/4254_c8_f0048148.jpg,1275,8
query/4255_c6_f0070070.jpg,1276,6
query/4255_c7_f0074603.jpg,1276,7
query/4255_c8_f0047999.jpg,1276,8
query/4257_c6_f0070480.jpg,1277,6
query/4257_c7_f0072650.jpg,1277,7
query/4271_c6_f0072399.jpg,1278,6
query/4271_c7_f0074946.jpg,1278,7
query/4272_c6_f0072824.jpg,1279,6
query/4272_c7_f0074734.jpg,1279,7
query/4272_c8_f0045644.jpg,1279,8
query/4274_c6_f0073678.jpg,1280,6
query/4274_c7_f0074866.jpg,1280,7
query/4280_c6_f0073090.jpg,1281,6
query/4280_c7_f0078085.jpg,1281,7
query/4280_c8_f0051444.jpg,1281,8
query/4284_c6_f0073657.jpg,1282,6
query/4284_c7_f0078656.jpg,1282,7
query/4284_c8_f0052276.jpg,1282,8
query/4285_c6_f0074171.jpg,1283,6
query/4285_c7_f0076459.jpg,1283,7
query/4285_c8_f0047010.jpg,1283,8
query/4310_c6_f0075658.jpg,1284,6
query/4310_c7_f0080833.jpg,1284,7
query/4310_c8_f0054247.jpg,1284,8
query/4315_c6_f0076814.jpg,1285,6
query/4315_c7_f0081121.jpg,1285,7
query/4315_c8_f0054966.jpg,1285,8
query/4321_c6_f0076999.jpg,1286,6
query/4321_c7_f0081702.jpg,1286,7
query/4321_c8_f0055595.jpg,1286,8
query/4324_c6_f0077835.jpg,1287,6
query/4324_c7_f0080715.jpg,1287,7
query/4324_c8_f0051765.jpg,1287,8
query/4326_c6_f0078936.jpg,1288,6
query/4326_c7_f0080795.jpg,1288,7
query/4326_c8_f0051422.jpg,1288,8
query/4329_c6_f0078777.jpg,1289,6
query/4329_c7_f0083303.jpg,1289,7
query/4329_c8_f0056818.jpg,1289,8
query/4331_c6_f0078823.jpg,1290,6
query/4331_c7_f0081089.jpg,1290,7
query/4331_c8_f0051594.jpg,1290,8
query/4332_c6_f0079921.jpg,1291,6
query/4332_c7_f0084451.jpg,1291,7
query/4332_c8_f0058046.jpg,1291,8
query/4334_c6_f0079646.jpg,1292,6
query/4334_c7_f0084070.jpg,1292,7
query/4334_c8_f0058160.jpg,1292,8
query/4335_c6_f0080041.jpg,1293,6
query/4335_c7_f0082477.jpg,1293,7
query/4335_c8_f0052639.jpg,1293,8
query/4337_c6_f0080459.jpg,1294,6
query/4337_c7_f0082701.jpg,1294,7
query/4337_c8_f0053460.jpg,1294,8
query/4341_c6_f0080893.jpg,1295,6
query/4341_c7_f0085352.jpg,1295,7
query/4341_c8_f0059160.jpg,1295,8
query/4349_c6_f0082956.jpg,1296,6
query/4349_c7_f0087163.jpg,1296,7
query/4349_c8_f0061399.jpg,1296,8
query/4356_c6_f0083678.jpg,1297,6
query/4356_c7_f0088463.jpg,1297,7
query/4356_c8_f0062392.jpg,1297,8
query/4361_c6_f0084669.jpg,1298,6
query/4361_c7_f0086489.jpg,1298,7
query/4361_c8_f0056651.jpg,1298,8
query/4366_c6_f0085612.jpg,1299,6
query/4366_c7_f0087170.jpg,1299,7
query/4366_c8_f0057995.jpg,1299,8
query/4372_c6_f0085925.jpg,1300,6
query/4372_c7_f0088790.jpg,1300,7
query/4372_c8_f0059174.jpg,1300,8
query/4373_c6_f0086371.jpg,1301,6
query/4373_c7_f0088940.jpg,1301,7
query/4373_c8_f0059359.jpg,1301,8
query/4374_c6_f0086929.jpg,1302,6
query/4374_c7_f0093773.jpg,1302,7
query/4374_c8_f0067700.jpg,1302,8
query/4380_c6_f0087549.jpg,1303,6
query/4380_c7_f0089246.jpg,1303,7
query/4380_c8_f0060124.jpg,1303,8
query/4386_c6_f0088297.jpg,1304,6
query/4386_c7_f0090221.jpg,1304,7
query/4386_c8_f0060390.jpg,1304,8
query/4392_c6_f0088568.jpg,1305,6
query/4392_c7_f0094695.jpg,1305,7
query/4392_c8_f0082292.jpg,1305,8
query/4398_c6_f0089521.jpg,1306,6
query/4398_c7_f0094200.jpg,1306,7
query/4398_c8_f0067292.jpg,1306,8
query/4405_c6_f0090766.jpg,1307,6
query/4405_c7_f0092580.jpg,1307,7
query/4405_c8_f0063257.jpg,1307,8
query/4416_c6_f0094075.jpg,1308,6
query/4416_c7_f0095936.jpg,1308,7
query/4416_c8_f0066681.jpg,1308,8
query/4419_c6_f0094764.jpg,1309,6
query/4419_c7_f0093567.jpg,1309,7
query/4419_c8_f0064584.jpg,1309,8
query/4422_c6_f0095379.jpg,1310,6
query/4422_c7_f0097319.jpg,1310,7
query/4422_c8_f0068075.jpg,1310,8
query/4427_c6_f0095716.jpg,1311,6
query/4427_c7_f0099946.jpg,1311,7
query/4427_c8_f0073757.jpg,1311,8
query/4428_c6_f0095815.jpg,1312,6
query/4428_c7_f0097764.jpg,1312,7
query/4428_c8_f0068557.jpg,1312,8
query/4433_c6_f0095945.jpg,1313,6
query/4433_c7_f0098425.jpg,1313,7
query/4433_c8_f0069086.jpg,1313,8
query/4443_c6_f0097972.jpg,1314,6
query/4443_c7_f0100735.jpg,1314,7
query/4443_c8_f0071084.jpg,1314,8
query/4447_c6_f0098362.jpg,1315,6
query/4447_c7_f0101279.jpg,1315,7
query/4447_c8_f0071581.jpg,1315,8
query/4449_c6_f0099329.jpg,1316,6
query/4449_c7_f0101054.jpg,1316,7
query/4449_c8_f0072036.jpg,1316,8
query/4459_c6_f0100479.jpg,1317,6
query/4459_c7_f0106181.jpg,1317,7
query/4459_c8_f0079508.jpg,1317,8
query/4460_c6_f0102082.jpg,1318,6
query/4460_c7_f0103865.jpg,1318,7
query/4460_c8_f0074538.jpg,1318,8
query/4473_c6_f0103047.jpg,1319,6
query/4473_c7_f0105727.jpg,1319,7
query/4473_c8_f0075272.jpg,1319,8
query/4477_c6_f0103486.jpg,1320,6
query/4477_c7_f0108643.jpg,1320,7
query/4477_c8_f0082200.jpg,1320,8
query/4480_c6_f0104683.jpg,1321,6
query/4480_c7_f0106867.jpg,1321,7
query/4480_c8_f0077788.jpg,1321,8
query/4483_c6_f0105768.jpg,1322,6
query/4483_c7_f0109900.jpg,1322,7
query/4483_c8_f0083869.jpg,1322,8
query/4489_c6_f0106159.jpg,1323,6
query/4489_c7_f0111482.jpg,1323,7
query/4489_c8_f0084876.jpg,1323,8
query/4494_c6_f0107868.jpg,1324,6
query/4494_c7_f0110425.jpg,1324,7
query/4494_c8_f0081225.jpg,1324,8
query/4500_c6_f0109869.jpg,1325,6
query/4500_c7_f0111171.jpg,1325,7
query/4500_c8_f0081052.jpg,1325,8
query/4503_c6_f0109212.jpg,1326,6
query/4503_c7_f0111899.jpg,1326,7
query/4503_c8_f0082235.jpg,1326,8
query/4504_c6_f0109412.jpg,1327,6
query/4504_c7_f0111393.jpg,1327,7
query/4504_c8_f0081886.jpg,1327,8
query/4508_c6_f0110908.jpg,1328,6
query/4508_c7_f0112912.jpg,1328,7
query/4508_c8_f0083757.jpg,1328,8
query/4510_c6_f0111323.jpg,1329,6
query/4510_c7_f0116190.jpg,1329,7
query/4510_c8_f0089683.jpg,1329,8
query/4511_c6_f0111629.jpg,1330,6
query/4511_c7_f0113823.jpg,1330,7
query/4511_c8_f0084635.jpg,1330,8
query/4514_c6_f0113058.jpg,1331,6
query/4514_c7_f0115566.jpg,1331,7
query/4514_c8_f0086403.jpg,1331,8
query/4519_c6_f0115726.jpg,1332,6
query/4519_c7_f0117916.jpg,1332,7
query/4519_c8_f0088643.jpg,1332,8
query/4521_c6_f0116273.jpg,1333,6
query/4521_c7_f0118369.jpg,1333,7
query/4521_c8_f0089230.jpg,1333,8
query/4540_c6_f0120241.jpg,1334,6
query/4540_c7_f0122587.jpg,1334,7
query/4540_c8_f0092912.jpg,1334,8
query/4541_c6_f0121186.jpg,1335,6
query/4541_c7_f0125454.jpg,1335,7
query/4541_c8_f0099545.jpg,1335,8
query/4547_c6_f0121187.jpg,1336,6
query/4547_c7_f0124133.jpg,1336,7
query/4547_c8_f0094365.jpg,1336,8
query/4550_c6_f0123830.jpg,1337,6
query/4550_c7_f0126336.jpg,1337,7
query/4550_c8_f0096776.jpg,1337,8
query/4558_c6_f0127818.jpg,1338,6
query/4558_c7_f0130102.jpg,1338,7
query/4558_c8_f0100288.jpg,1338,8
query/4560_c6_f0128753.jpg,1339,6
query/4560_c7_f0130958.jpg,1339,7
query/4560_c8_f0101842.jpg,1339,8
query/4563_c6_f0129361.jpg,1340,6
query/4563_c7_f0131927.jpg,1340,7
query/4563_c8_f0102832.jpg,1340,8
query/4568_c6_f0131328.jpg,1341,6
query/4568_c7_f0133805.jpg,1341,7
query/4568_c8_f0104141.jpg,1341,8
query/4572_c6_f0132654.jpg,1342,6
query/4572_c7_f0134339.jpg,1342,7
query/4572_c8_f0105003.jpg,1342,8
query/4573_c6_f0132783.jpg,1343,6
query/4573_c7_f0134670.jpg,1343,7
query/4573_c8_f0104885.jpg,1343,8
query/4580_c6_f0134270.jpg,1344,6
query/4580_c7_f0137094.jpg,1344,7
query/4580_c8_f0107471.jpg,1344,8
query/4582_c6_f0135822.jpg,1345,6
query/4582_c7_f0137886.jpg,1345,7
query/4582_c8_f0108287.jpg,1345,8
query/4587_c6_f0136640.jpg,1346,6
query/4587_c7_f0139103.jpg,1346,7
query/4587_c8_f0110138.jpg,1346,8
query/4594_c6_f0139332.jpg,1347,6
query/4594_c7_f0142273.jpg,1347,7
query/4594_c8_f0112853.jpg,1347,8
query/4596_c6_f0139920.jpg,1348,6
query/4596_c7_f0142273.jpg,1348,7
query/4596_c8_f0112894.jpg,1348,8
query/4605_c6_f0142358.jpg,1349,6
query/4605_c7_f0144300.jpg,1349,7
query/4605_c8_f0114352.jpg,1349,8
query/4613_c6_f0142855.jpg,1350,6
query/4613_c7_f0145243.jpg,1350,7
query/4613_c8_f0116095.jpg,1350,8
query/4622_c6_f0144214.jpg,1351,6
query/4622_c7_f0146259.jpg,1351,7
query/4622_c8_f0116707.jpg,1351,8
query/4632_c6_f0145714.jpg,1352,6
query/4632_c7_f0151142.jpg,1352,7
query/4632_c8_f0124592.jpg,1352,8
query/4633_c6_f0146080.jpg,1353,6
query/4633_c7_f0148234.jpg,1353,7
query/4633_c8_f0119378.jpg,1353,8
query/4634_c6_f0146277.jpg,1354,6
query/4634_c7_f0148554.jpg,1354,7
query/4634_c8_f0119214.jpg,1354,8
query/4639_c6_f0146984.jpg,1355,6
query/4639_c7_f0149110.jpg,1355,7
query/4639_c8_f0119767.jpg,1355,8
query/4640_c6_f0146557.jpg,1356,6
query/4640_c7_f0149414.jpg,1356,7
query/4640_c8_f0119838.jpg,1356,8
query/4646_c6_f0148110.jpg,1357,6
query/4646_c7_f0149978.jpg,1357,7
query/4647_c6_f0148026.jpg,1358,6
query/4647_c7_f0149940.jpg,1358,7
query/4654_c6_f0150814.jpg,1359,6
query/4654_c7_f0155249.jpg,1359,7
query/4672_c6_f0155006.jpg,1360,6
query/4672_c7_f0157281.jpg,1360,7
query/4672_c8_f0127633.jpg,1360,8
query/4681_c6_f0155913.jpg,1361,6
query/4681_c7_f0158029.jpg,1361,7
query/4681_c8_f0128981.jpg,1361,8
query/4693_c6_f0157662.jpg,1362,6
query/4693_c7_f0162772.jpg,1362,7
query/4693_c8_f0136356.jpg,1362,8
query/4695_c6_f0158881.jpg,1363,6
query/4695_c7_f0160698.jpg,1363,7
query/4695_c8_f0131626.jpg,1363,8
query/4699_c6_f0161965.jpg,1364,6
query/4699_c7_f0164357.jpg,1364,7
query/4699_c8_f0134789.jpg,1364,8
query/4708_c6_f0165682.jpg,1365,6
query/4708_c7_f0168196.jpg,1365,7
query/4708_c8_f0138965.jpg,1365,8
query/4713_c6_f0165965.jpg,1366,6
query/4713_c7_f0170941.jpg,1366,7
query/4713_c8_f0144266.jpg,1366,8
query/4717_c6_f0168571.jpg,1367,6
query/4717_c7_f0171259.jpg,1367,7
query/4717_c8_f0142104.jpg,1367,8
query/4719_c6_f0168876.jpg,1368,6
query/4719_c7_f0171037.jpg,1368,7
query/4719_c8_f0142081.jpg,1368,8
query/4723_c6_f0170441.jpg,1369,6
query/4723_c7_f0172471.jpg,1369,7
query/4723_c8_f0141954.jpg,1369,8
query/4725_c6_f0170051.jpg,1370,6
query/4725_c7_f0172593.jpg,1370,7
query/4726_c5_f0208661.jpg,1371,5
query/4726_c6_f0176566.jpg,1371,6
query/4727_c6_f0170514.jpg,1372,6
query/4727_c7_f0172374.jpg,1372,7
query/4727_c8_f0143608.jpg,1372,8
query/4729_c6_f0170302.jpg,1373,6
query/4729_c7_f0172489.jpg,1373,7
query/4729_c8_f0143446.jpg,1373,8
query/4736_c6_f0171361.jpg,1374,6
query/4736_c7_f0175837.jpg,1374,7
query/4736_c8_f0150187.jpg,1374,8
query/4739_c6_f0173250.jpg,1375,6
query/4739_c7_f0175410.jpg,1375,7
query/4739_c8_f0146387.jpg,1375,8
query/4743_c6_f0176222.jpg,1376,6
query/4743_c7_f0178556.jpg,1376,7
query/4743_c8_f0149015.jpg,1376,8
query/4750_c6_f0177752.jpg,1377,6
query/4750_c7_f0180644.jpg,1377,7
query/4750_c8_f0151088.jpg,1377,8
query/4757_c6_f0180371.jpg,1378,6
query/4757_c7_f0182007.jpg,1378,7
query/4757_c8_f0152424.jpg,1378,8
query/4758_c6_f0180254.jpg,1379,6
query/4758_c7_f0182255.jpg,1379,7
query/4758_c8_f0152029.jpg,1379,8
query/4759_c6_f0179547.jpg,1380,6
query/4759_c7_f0184320.jpg,1380,7
query/4759_c8_f0158239.jpg,1380,8
query/4760_c6_f0180431.jpg,1381,6
query/4760_c7_f0184670.jpg,1381,7
query/4760_c8_f0158467.jpg,1381,8
query/4769_c6_f0183418.jpg,1382,6
query/4769_c7_f0185625.jpg,1382,7
query/4769_c8_f0156630.jpg,1382,8
query/4772_c6_f0183994.jpg,1383,6
query/4772_c7_f0185995.jpg,1383,7
query/4772_c8_f0156896.jpg,1383,8
query/4774_c6_f0184764.jpg,1384,6
query/4774_c7_f0190038.jpg,1384,7
query/4774_c8_f0163723.jpg,1384,8
query/4779_c6_f0188301.jpg,1385,6
query/4779_c7_f0190529.jpg,1385,7
query/4779_c8_f0161073.jpg,1385,8
query/4782_c6_f0188800.jpg,1386,6
query/4782_c7_f0191219.jpg,1386,7
query/4782_c8_f0161666.jpg,1386,8
query/4789_c6_f0190802.jpg,1387,6
query/4789_c7_f0195168.jpg,1387,7
query/4789_c8_f0169051.jpg,1387,8
query/4790_c6_f0190928.jpg,1388,6
query/4790_c7_f0192927.jpg,1388,7
query/4790_c8_f0163206.jpg,1388,8
query/4804_c6_f0202100.jpg,1389,6
query/4804_c7_f0204413.jpg,1389,7
query/4804_c8_f0174401.jpg,1389,8
query/4807_c6_f0202521.jpg,1390,6
query/4807_c7_f0207371.jpg,1390,7
query/4808_c6_f0203846.jpg,1391,6
query/4808_c7_f0205954.jpg,1391,7
query/4808_c8_f0176995.jpg,1391,8
query/4817_c7_f0207663.jpg,1392,7
query/4817_c8_f0178572.jpg,1392,8
query/5249_c7_f0067882.jpg,1393,7
query/5249_c8_f0041335.jpg,1393,8
query/5272_c7_f0071683.jpg,1394,7
query/5272_c8_f0045606.jpg,1394,8
query/5333_c7_f0083235.jpg,1395,7
query/5333_c8_f0056863.jpg,1395,8
query/5358_c7_f0089583.jpg,1396,7
query/5358_c8_f0063404.jpg,1396,8
query/5474_c5_f0208241.jpg,1397,5
query/5474_c6_f0043283.jpg,1397,6
query/5474_c7_f0187555.jpg,1397,7
query/5587_c7_f0200226.jpg,1398,7
query/5587_c8_f0173540.jpg,1398,8
query/5599_c7_f0206995.jpg,1399,7
query/5599_c8_f0177707.jpg,1399,8
query/5842_c6_f0042141.jpg,1400,6
query/5842_c7_f0053326.jpg,1400,7
query/5842_c8_f0069010.jpg,1400,8
query/6046_c6_f0056661.jpg,1401,6
query/6046_c7_f0061621.jpg,1401,7
query/6046_c8_f0035744.jpg,1401,8
query/6535_c2_f0207577.jpg,1402,2
query/6535_c5_f0208065.jpg,1402,5
query/6535_c6_f0099299.jpg,1402,6
query/6535_c7_f0050473.jpg,1402,7
query/6535_c8_f0005374.jpg,1402,8
query/7139_c1_f0156370.jpg,1403,1
query/7139_c2_f0160575.jpg,1403,2
