image_path,id,camera,downsample
images/00000316_00_0000.jpg,0,0,2
images/00000316_01_0000.jpg,0,1,2
images/00000120_00_0000.jpg,1,0,2
images/00000120_01_0000.jpg,1,1,2
images/00000123_00_0000.jpg,2,0,2
images/00000123_01_0000.jpg,2,1,2
images/00000587_00_0000.jpg,3,0,2
images/00000587_01_0000.jpg,3,1,2
images/00000611_00_0000.jpg,4,0,2
images/00000611_01_0000.jpg,4,1,2
images/00000130_00_0000.jpg,5,0,2
images/00000130_01_0000.jpg,5,1,2
images/00000038_00_0000.jpg,6,0,2
images/00000038_01_0000.jpg,6,1,2
images/00000176_00_0000.jpg,7,0,2
images/00000176_01_0000.jpg,7,1,2
images/00000337_00_0000.jpg,8,0,2
images/00000337_01_0000.jpg,8,1,2
images/00000413_00_0000.jpg,9,0,2
images/00000413_01_0000.jpg,9,1,2
images/00000576_00_0000.jpg,10,0,2
images/00000576_01_0000.jpg,10,1,2
images/00000457_00_0000.jpg,11,0,2
images/00000457_01_0000.jpg,11,1,2
images/00000203_00_0000.jpg,12,0,2
images/00000203_01_0000.jpg,12,1,2
images/00000036_00_0000.jpg,13,0,2
images/00000036_01_0000.jpg,13,1,2
images/00000264_00_0000.jpg,14,0,2
images/00000264_01_0000.jpg,14,1,2
images/00000349_00_0000.jpg,15,0,2
images/00000349_01_0000.jpg,15,1,2
images/00000171_00_0000.jpg,16,0,2
images/00000171_01_0000.jpg,16,1,2
images/00000226_00_0000.jpg,17,0,2
images/00000226_01_0000.jpg,17,1,2
images/00000570_00_0000.jpg,18,0,2
images/00000570_01_0000.jpg,18,1,2
images/00000251_00_0000.jpg,19,0,2
images/00000251_01_0000.jpg,19,1,2
images/00000410_00_0000.jpg,20,0,2
images/00000410_01_0000.jpg,20,1,2
images/00000271_00_0000.jpg,21,0,2
images/00000271_01_0000.jpg,21,1,2
images/00000531_00_0000.jpg,22,0,2
images/00000531_01_0000.jpg,22,1,2
images/00000514_00_0000.jpg,23,0,2
images/00000514_01_0000.jpg,23,1,2
images/00000057_00_0000.jpg,24,0,2
images/00000057_01_0000.jpg,24,1,2
images/00000002_00_0000.jpg,25,0,2
images/00000002_01_0000.jpg,25,1,2
images/00000533_00_0000.jpg,26,0,2
images/00000533_01_0000.jpg,26,1,2
images/00000394_00_0000.jpg,27,0,2
images/00000394_01_0000.jpg,27,1,2
images/00000437_00_0000.jpg,28,0,2
images/00000437_01_0000.jpg,28,1,2
images/00000005_00_0000.jpg,29,0,2
images/00000005_01_0000.jpg,29,1,2
images/00000231_00_0000.jpg,30,0,2
images/00000231_01_0000.jpg,30,1,2
images/00000194_00_0000.jpg,31,0,2
images/00000194_01_0000.jpg,31,1,2
images/00000422_00_0000.jpg,32,0,2
images/00000422_01_0000.jpg,32,1,2
images/00000544_00_0000.jpg,33,0,2
images/00000544_01_0000.jpg,33,1,2
images/00000118_00_0000.jpg,34,0,2
images/00000118_01_0000.jpg,34,1,2
images/00000167_00_0000.jpg,35,0,2
images/00000167_01_0000.jpg,35,1,2
images/00000077_00_0000.jpg,36,0,2
images/00000077_01_0000.jpg,36,1,2
images/00000188_00_0000.jpg,37,0,2
images/00000188_01_0000.jpg,37,1,2
images/00000125_00_0000.jpg,38,0,2
images/00000125_01_0000.jpg,38,1,2
images/00000601_00_0000.jpg,39,0,2
images/00000601_01_0000.jpg,39,1,2
images/00000244_00_0000.jpg,40,0,2
images/00000244_01_0000.jpg,40,1,2
images/00000063_00_0000.jpg,41,0,2
images/00000063_01_0000.jpg,41,1,2
images/00000154_00_0000.jpg,42,0,2
images/00000154_01_0000.jpg,42,1,2
images/00000142_00_0000.jpg,43,0,2
images/00000142_01_0000.jpg,43,1,2
images/00000283_00_0000.jpg,44,0,2
images/00000283_01_0000.jpg,44,1,2
images/00000360_00_0000.jpg,45,0,2
images/00000360_01_0000.jpg,45,1,2
images/00000562_00_0000.jpg,46,0,2
images/00000562_01_0000.jpg,46,1,2
images/00000215_00_0000.jpg,47,0,2
images/00000215_01_0000.jpg,47,1,2
images/00000341_00_0000.jpg,48,0,2
images/00000341_01_0000.jpg,48,1,2
images/00000044_00_0000.jpg,49,0,2
images/00000044_01_0000.jpg,49,1,2
images/00000384_00_0000.jpg,50,0,2
images/00000384_01_0000.jpg,50,1,2
images/00000150_00_0000.jpg,51,0,2
images/00000150_01_0000.jpg,51,1,2
images/00000406_00_0000.jpg,52,0,2
images/00000406_01_0000.jpg,52,1,2
images/00000214_00_0000.jpg,53,0,2
images/00000214_01_0000.jpg,53,1,2
images/00000617_00_0000.jpg,54,0,2
images/00000617_01_0000.jpg,54,1,2
images/00000325_00_0000.jpg,55,0,2
images/00000325_01_0000.jpg,55,1,2
images/00000534_00_0000.jpg,56,0,2
images/00000534_01_0000.jpg,56,1,2
images/00000297_00_0000.jpg,57,0,2
images/00000297_01_0000.jpg,57,1,2
images/00000401_00_0000.jpg,58,0,2
images/00000401_01_0000.jpg,58,1,2
images/00000407_00_0000.jpg,59,0,2
images/00000407_01_0000.jpg,59,1,2
images/00000579_00_0000.jpg,60,0,2
images/00000579_01_0000.jpg,60,1,2
images/00000098_00_0000.jpg,61,0,2
images/00000098_01_0000.jpg,61,1,2
images/00000043_00_0000.jpg,62,0,2
images/00000043_01_0000.jpg,62,1,2
images/00000451_00_0000.jpg,63,0,2
images/00000451_01_0000.jpg,63,1,2
images/00000446_00_0000.jpg,64,0,2
images/00000446_01_0000.jpg,64,1,2
images/00000525_00_0000.jpg,65,0,2
images/00000525_01_0000.jpg,65,1,2
images/00000083_00_0000.jpg,66,0,2
images/00000083_01_0000.jpg,66,1,2
images/00000414_00_0000.jpg,67,0,2
images/00000414_01_0000.jpg,67,1,2
images/00000462_00_0000.jpg,68,0,2
images/00000462_01_0000.jpg,68,1,2
images/00000111_00_0000.jpg,69,0,2
images/00000111_01_0000.jpg,69,1,2
images/00000618_00_0000.jpg,70,0,2
images/00000618_01_0000.jpg,70,1,2
images/00000031_00_0000.jpg,71,0,2
images/00000031_01_0000.jpg,71,1,2
images/00000522_00_0000.jpg,72,0,2
images/00000522_01_0000.jpg,72,1,2
images/00000196_00_0000.jpg,73,0,2
images/00000196_01_0000.jpg,73,1,2
images/00000250_00_0000.jpg,74,0,2
images/00000250_01_0000.jpg,74,1,2
images/00000333_00_0000.jpg,75,0,2
images/00000333_01_0000.jpg,75,1,2
images/00000561_00_0000.jpg,76,0,2
images/00000561_01_0000.jpg,76,1,2
images/00000465_00_0000.jpg,77,0,2
images/00000465_01_0000.jpg,77,1,2
images/00000532_00_0000.jpg,78,0,2
images/00000532_01_0000.jpg,78,1,2
images/00000628_00_0000.jpg,79,0,2
images/00000628_01_0000.jpg,79,1,2
images/00000627_00_0000.jpg,80,0,2
images/00000627_01_0000.jpg,80,1,2
images/00000548_00_0000.jpg,81,0,2
images/00000548_01_0000.jpg,81,1,2
images/00000256_00_0000.jpg,82,0,2
images/00000256_01_0000.jpg,82,1,2
images/00000331_00_0000.jpg,83,0,2
images/00000331_01_0000.jpg,83,1,2
images/00000513_00_0000.jpg,84,0,2
images/00000513_01_0000.jpg,84,1,2
images/00000581_00_0000.jpg,85,0,2
images/00000581_01_0000.jpg,85,1,2
images/00000598_00_0000.jpg,86,0,2
images/00000598_01_0000.jpg,86,1,2
images/00000500_00_0000.jpg,87,0,2
images/00000500_01_0000.jpg,87,1,2
images/00000276_00_0000.jpg,88,0,2
images/00000276_01_0000.jpg,88,1,2
images/00000274_00_0000.jpg,89,0,2
images/00000274_01_0000.jpg,89,1,2
images/00000141_00_0000.jpg,90,0,2
images/00000141_01_0000.jpg,90,1,2
images/00000317_00_0000.jpg,91,0,2
images/00000317_01_0000.jpg,91,1,2
images/00000390_00_0000.jpg,92,0,2
images/00000390_01_0000.jpg,92,1,2
images/00000303_00_0000.jpg,93,0,2
images/00000303_01_0000.jpg,93,1,2
images/00000496_00_0000.jpg,94,0,2
images/00000496_01_0000.jpg,94,1,2
images/00000020_00_0000.jpg,95,0,2
images/00000020_01_0000.jpg,95,1,2
images/00000580_00_0000.jpg,96,0,2
images/00000580_01_0000.jpg,96,1,2
images/00000565_00_0000.jpg,97,0,2
images/00000565_01_0000.jpg,97,1,2
images/00000499_00_0000.jpg,98,0,2
images/00000499_01_0000.jpg,98,1,2
images/00000104_00_0000.jpg,99,0,2
images/00000104_01_0000.jpg,99,1,2
images/00000021_00_0000.jpg,100,0,2
images/00000021_01_0000.jpg,100,1,2
images/00000481_00_0000.jpg,101,0,2
images/00000481_01_0000.jpg,101,1,2
images/00000315_00_0000.jpg,102,0,2
images/00000315_01_0000.jpg,102,1,2
images/00000308_00_0000.jpg,103,0,2
images/00000308_01_0000.jpg,103,1,2
images/00000192_00_0000.jpg,104,0,2
images/00000192_01_0000.jpg,104,1,2
images/00000489_00_0000.jpg,105,0,2
images/00000489_01_0000.jpg,105,1,2
images/00000300_00_0000.jpg,106,0,2
images/00000300_01_0000.jpg,106,1,2
images/00000326_00_0000.jpg,107,0,2
images/00000326_01_0000.jpg,107,1,2
images/00000543_00_0000.jpg,108,0,2
images/00000543_01_0000.jpg,108,1,2
images/00000460_00_0000.jpg,109,0,2
images/00000460_01_0000.jpg,109,1,2
images/00000024_00_0000.jpg,110,0,2
images/00000024_01_0000.jpg,110,1,2
images/00000554_00_0000.jpg,111,0,2
images/00000554_01_0000.jpg,111,1,2
images/00000133_00_0000.jpg,112,0,2
images/00000133_01_0000.jpg,112,1,2
images/00000358_00_0000.jpg,113,0,2
images/00000358_01_0000.jpg,113,1,2
images/00000353_00_0000.jpg,114,0,2
images/00000353_01_0000.jpg,114,1,2
images/00000382_00_0000.jpg,115,0,2
images/00000382_01_0000.jpg,115,1,2
images/00000354_00_0000.jpg,116,0,2
images/00000354_01_0000.jpg,116,1,2
images/00000348_00_0000.jpg,117,0,2
images/00000348_01_0000.jpg,117,1,2
images/00000119_00_0000.jpg,118,0,2
images/00000119_01_0000.jpg,118,1,2
images/00000433_00_0000.jpg,119,0,2
images/00000433_01_0000.jpg,119,1,2
images/00000299_00_0000.jpg,120,0,2
images/00000299_01_0000.jpg,120,1,2
images/00000520_00_0000.jpg,121,0,2
images/00000520_01_0000.jpg,121,1,2
images/00000269_00_0000.jpg,122,0,2
images/00000269_01_0000.jpg,122,1,2
images/00000126_00_0000.jpg,123,0,2
images/00000126_01_0000.jpg,123,1,2
images/00000185_00_0000.jpg,124,0,2
images/00000185_01_0000.jpg,124,1,2
images/00000620_00_0000.jpg,125,0,2
images/00000620_01_0000.jpg,125,1,2
images/00000438_00_0000.jpg,126,0,2
images/00000438_01_0000.jpg,126,1,2
images/00000427_00_0000.jpg,127,0,2
images/00000427_01_0000.jpg,127,1,2
images/00000180_00_0000.jpg,128,0,2
images/00000180_01_0000.jpg,128,1,2
images/00000096_00_0000.jpg,129,0,2
images/00000096_01_0000.jpg,129,1,2
images/00000556_00_0000.jpg,130,0,2
images/00000556_01_0000.jpg,130,1,2
images/00000211_00_0000.jpg,131,0,2
images/00000211_01_0000.jpg,131,1,2
images/00000368_00_0000.jpg,132,0,2
images/00000368_01_0000.jpg,132,1,2
images/00000287_00_0000.jpg,133,0,2
images/00000287_01_0000.jpg,133,1,2
images/00000241_00_0000.jpg,134,0,2
images/00000241_01_0000.jpg,134,1,2
images/00000177_00_0000.jpg,135,0,2
images/00000177_01_0000.jpg,135,1,2
images/00000156_00_0000.jpg,136,0,2
images/00000156_01_0000.jpg,136,1,2
images/00000017_00_0000.jpg,137,0,2
images/00000017_01_0000.jpg,137,1,2
images/00000122_00_0000.jpg,138,0,2
images/00000122_01_0000.jpg,138,1,2
images/00000013_00_0000.jpg,139,0,2
images/00000013_01_0000.jpg,139,1,2
images/00000052_00_0000.jpg,140,0,2
images/00000052_01_0000.jpg,140,1,2
images/00000492_00_0000.jpg,141,0,2
images/00000492_01_0000.jpg,141,1,2
images/00000168_00_0000.jpg,142,0,2
images/00000168_01_0000.jpg,142,1,2
images/00000452_00_0000.jpg,143,0,2
images/00000452_01_0000.jpg,143,1,2
images/00000239_00_0000.jpg,144,0,2
images/00000239_01_0000.jpg,144,1,2
images/00000567_00_0000.jpg,145,0,2
images/00000567_01_0000.jpg,145,1,2
images/00000228_00_0000.jpg,146,0,2
images/00000228_01_0000.jpg,146,1,2
images/00000140_00_0000.jpg,147,0,2
images/00000140_01_0000.jpg,147,1,2
images/00000425_00_0000.jpg,148,0,2
images/00000425_01_0000.jpg,148,1,2
images/00000342_00_0000.jpg,149,0,2
images/00000342_01_0000.jpg,149,1,2
images/00000178_00_0000.jpg,150,0,2
images/00000178_01_0000.jpg,150,1,2
images/00000523_00_0000.jpg,151,0,2
images/00000523_01_0000.jpg,151,1,2
images/00000066_00_0000.jpg,152,0,2
images/00000066_01_0000.jpg,152,1,2
images/00000563_00_0000.jpg,153,0,2
images/00000563_01_0000.jpg,153,1,2
images/00000566_00_0000.jpg,154,0,2
images/00000566_01_0000.jpg,154,1,2
images/00000436_00_0000.jpg,155,0,2
images/00000436_01_0000.jpg,155,1,2
images/00000485_00_0000.jpg,156,0,2
images/00000485_01_0000.jpg,156,1,2
images/00000209_00_0000.jpg,157,0,2
images/00000209_01_0000.jpg,157,1,2
images/00000560_00_0000.jpg,158,0,2
images/00000560_01_0000.jpg,158,1,2
images/00000356_00_0000.jpg,159,0,2
images/00000356_01_0000.jpg,159,1,2
images/00000029_00_0000.jpg,160,0,2
images/00000029_01_0000.jpg,160,1,2
images/00000381_00_0000.jpg,161,0,2
images/00000381_01_0000.jpg,161,1,2
images/00000366_00_0000.jpg,162,0,2
images/00000366_01_0000.jpg,162,1,2
images/00000128_00_0000.jpg,163,0,2
images/00000128_01_0000.jpg,163,1,2
images/00000061_00_0000.jpg,164,0,2
images/00000061_01_0000.jpg,164,1,2
images/00000419_00_0000.jpg,165,0,2
images/00000419_01_0000.jpg,165,1,2
images/00000363_00_0000.jpg,166,0,2
images/00000363_01_0000.jpg,166,1,2
images/00000491_00_0000.jpg,167,0,2
images/00000491_01_0000.jpg,167,1,2
images/00000403_00_0000.jpg,168,0,2
images/00000403_01_0000.jpg,168,1,2
images/00000023_00_0000.jpg,169,0,2
images/00000023_01_0000.jpg,169,1,2
images/00000494_00_0000.jpg,170,0,2
images/00000494_01_0000.jpg,170,1,2
images/00000032_00_0000.jpg,171,0,2
images/00000032_01_0000.jpg,171,1,2
images/00000442_00_0000.jpg,172,0,2
images/00000442_01_0000.jpg,172,1,2
images/00000035_00_0000.jpg,173,0,2
images/00000035_01_0000.jpg,173,1,2
images/00000510_00_0000.jpg,174,0,2
images/00000510_01_0000.jpg,174,1,2
images/00000495_00_0000.jpg,175,0,2
images/00000495_01_0000.jpg,175,1,2
images/00000538_00_0000.jpg,176,0,2
images/00000538_01_0000.jpg,176,1,2
images/00000296_00_0000.jpg,177,0,2
images/00000296_01_0000.jpg,177,1,2
images/00000621_00_0000.jpg,178,0,2
images/00000621_01_0000.jpg,178,1,2
images/00000528_00_0000.jpg,179,0,2
images/00000528_01_0000.jpg,179,1,2
images/00000463_00_0000.jpg,180,0,2
images/00000463_01_0000.jpg,180,1,2
images/00000426_00_0000.jpg,181,0,2
images/00000426_01_0000.jpg,181,1,2
images/00000135_00_0000.jpg,182,0,2
images/00000135_01_0000.jpg,182,1,2
images/00000253_00_0000.jpg,183,0,2
images/00000253_01_0000.jpg,183,1,2
images/00000144_00_0000.jpg,184,0,2
images/00000144_01_0000.jpg,184,1,2
images/00000395_00_0000.jpg,185,0,2
images/00000395_01_0000.jpg,185,1,2
images/00000398_00_0000.jpg,186,0,2
images/00000398_01_0000.jpg,186,1,2
images/00000370_00_0000.jpg,187,0,2
images/00000370_01_0000.jpg,187,1,2
images/00000572_00_0000.jpg,188,0,2
images/00000572_01_0000.jpg,188,1,2
images/00000430_00_0000.jpg,189,0,2
images/00000430_01_0000.jpg,189,1,2
images/00000361_00_0000.jpg,190,0,2
images/00000361_01_0000.jpg,190,1,2
images/00000569_00_0000.jpg,191,0,2
images/00000569_01_0000.jpg,191,1,2
images/00000476_00_0000.jpg,192,0,2
images/00000476_01_0000.jpg,192,1,2
images/00000260_00_0000.jpg,193,0,2
images/00000260_01_0000.jpg,193,1,2
images/00000585_00_0000.jpg,194,0,2
images/00000585_01_0000.jpg,194,1,2
images/00000132_00_0000.jpg,195,0,2
images/00000132_01_0000.jpg,195,1,2
images/00000624_00_0000.jpg,196,0,2
images/00000624_01_0000.jpg,196,1,2
images/00000124_00_0000.jpg,197,0,2
images/00000124_01_0000.jpg,197,1,2
images/00000174_00_0000.jpg,198,0,2
images/00000174_01_0000.jpg,198,1,2
images/00000187_00_0000.jpg,199,0,2
images/00000187_01_0000.jpg,199,1,2
images/00000397_00_0000.jpg,200,0,2
images/00000397_01_0000.jpg,200,1,2
images/00000405_00_0000.jpg,201,0,2
images/00000405_01_0000.jpg,201,1,2
images/00000051_00_0000.jpg,202,0,2
images/00000051_01_0000.jpg,202,1,2
images/00000216_00_0000.jpg,203,0,2
images/00000216_01_0000.jpg,203,1,2
images/00000285_00_0000.jpg,204,0,2
images/00000285_01_0000.jpg,204,1,2
images/00000362_00_0000.jpg,205,0,2
images/00000362_01_0000.jpg,205,1,2
images/00000474_00_0000.jpg,206,0,2
images/00000474_01_0000.jpg,206,1,2
images/00000445_00_0000.jpg,207,0,2
images/00000445_01_0000.jpg,207,1,2
images/00000324_00_0000.jpg,208,0,2
images/00000324_01_0000.jpg,208,1,2
images/00000530_00_0000.jpg,209,0,2
images/00000530_01_0000.jpg,209,1,2
images/00000302_00_0000.jpg,210,0,2
images/00000302_01_0000.jpg,210,1,2
images/00000609_00_0000.jpg,211,0,2
images/00000609_01_0000.jpg,211,1,2
images/00000517_00_0000.jpg,212,0,2
images/00000517_01_0000.jpg,212,1,2
images/00000206_00_0000.jpg,213,0,2
images/00000206_01_0000.jpg,213,1,2
images/00000355_00_0000.jpg,214,0,2
images/00000355_01_0000.jpg,214,1,2
images/00000159_00_0000.jpg,215,0,2
images/00000159_01_0000.jpg,215,1,2
images/00000322_00_0000.jpg,216,0,2
images/00000322_01_0000.jpg,216,1,2
images/00000421_00_0000.jpg,217,0,2
images/00000421_01_0000.jpg,217,1,2
images/00000259_00_0000.jpg,218,0,2
images/00000259_01_0000.jpg,218,1,2
images/00000373_00_0000.jpg,219,0,2
images/00000373_01_0000.jpg,219,1,2
images/00000608_00_0000.jpg,220,0,2
images/00000608_01_0000.jpg,220,1,2
images/00000210_00_0000.jpg,221,0,2
images/00000210_01_0000.jpg,221,1,2
images/00000286_00_0000.jpg,222,0,2
images/00000286_01_0000.jpg,222,1,2
images/00000107_00_0000.jpg,223,0,2
images/00000107_01_0000.jpg,223,1,2
images/00000334_00_0000.jpg,224,0,2
images/00000334_01_0000.jpg,224,1,2
images/00000207_00_0000.jpg,225,0,2
images/00000207_01_0000.jpg,225,1,2
images/00000586_00_0000.jpg,226,0,2
images/00000586_01_0000.jpg,226,1,2
images/00000163_00_0000.jpg,227,0,2
images/00000163_01_0000.jpg,227,1,2
images/00000573_00_0000.jpg,228,0,2
images/00000573_01_0000.jpg,228,1,2
images/00000109_00_0000.jpg,229,0,2
images/00000109_01_0000.jpg,229,1,2
images/00000592_00_0000.jpg,230,0,2
images/00000592_01_0000.jpg,230,1,2
images/00000059_00_0000.jpg,231,0,2
images/00000059_01_0000.jpg,231,1,2
images/00000064_00_0000.jpg,232,0,2
images/00000064_01_0000.jpg,232,1,2
images/00000411_00_0000.jpg,233,0,2
images/00000411_01_0000.jpg,233,1,2
images/00000015_00_0000.jpg,234,0,2
images/00000015_01_0000.jpg,234,1,2
images/00000247_00_0000.jpg,235,0,2
images/00000247_01_0000.jpg,235,1,2
images/00000049_00_0000.jpg,236,0,2
images/00000049_01_0000.jpg,236,1,2
images/00000409_00_0000.jpg,237,0,2
images/00000409_01_0000.jpg,237,1,2
images/00000420_00_0000.jpg,238,0,2
images/00000420_01_0000.jpg,238,1,2
images/00000075_00_0000.jpg,239,0,2
images/00000075_01_0000.jpg,239,1,2
images/00000127_00_0000.jpg,240,0,2
images/00000127_01_0000.jpg,240,1,2
images/00000345_00_0000.jpg,241,0,2
images/00000345_01_0000.jpg,241,1,2
images/00000470_00_0000.jpg,242,0,2
images/00000470_01_0000.jpg,242,1,2
images/00000487_00_0000.jpg,243,0,2
images/00000487_01_0000.jpg,243,1,2
images/00000268_00_0000.jpg,244,0,2
images/00000268_01_0000.jpg,244,1,2
images/00000280_00_0000.jpg,245,0,2
images/00000280_01_0000.jpg,245,1,2
images/00000483_00_0000.jpg,246,0,2
images/00000483_01_0000.jpg,246,1,2
images/00000578_00_0000.jpg,247,0,2
images/00000578_01_0000.jpg,247,1,2
images/00000555_00_0000.jpg,248,0,2
images/00000555_01_0000.jpg,248,1,2
images/00000148_00_0000.jpg,249,0,2
images/00000148_01_0000.jpg,249,1,2
images/00000095_00_0000.jpg,250,0,2
images/00000095_01_0000.jpg,250,1,2
images/00000053_00_0000.jpg,251,0,2
images/00000053_01_0000.jpg,251,1,2
images/00000546_00_0000.jpg,252,0,2
images/00000546_01_0000.jpg,252,1,2
images/00000595_00_0000.jpg,253,0,2
images/00000595_01_0000.jpg,253,1,2
images/00000344_00_0000.jpg,254,0,2
images/00000344_01_0000.jpg,254,1,2
images/00000281_00_0000.jpg,255,0,2
images/00000281_01_0000.jpg,255,1,2
images/00000027_00_0000.jpg,256,0,2
images/00000027_01_0000.jpg,256,1,2
images/00000439_00_0000.jpg,257,0,2
images/00000439_01_0000.jpg,257,1,2
images/00000557_00_0000.jpg,258,0,2
images/00000557_01_0000.jpg,258,1,2
images/00000448_00_0000.jpg,259,0,2
images/00000448_01_0000.jpg,259,1,2
images/00000010_00_0000.jpg,260,0,2
images/00000010_01_0000.jpg,260,1,2
images/00000614_00_0000.jpg,261,0,2
images/00000614_01_0000.jpg,261,1,2
images/00000240_00_0000.jpg,262,0,2
images/00000240_01_0000.jpg,262,1,2
images/00000529_00_0000.jpg,263,0,2
images/00000529_01_0000.jpg,263,1,2
images/00000045_00_0000.jpg,264,0,2
images/00000045_01_0000.jpg,264,1,2
images/00000293_00_0000.jpg,265,0,2
images/00000293_01_0000.jpg,265,1,2
images/00000298_00_0000.jpg,266,0,2
images/00000298_01_0000.jpg,266,1,2
images/00000219_00_0000.jpg,267,0,2
images/00000219_01_0000.jpg,267,1,2
images/00000025_00_0000.jpg,268,0,2
images/00000025_01_0000.jpg,268,1,2
images/00000040_00_0000.jpg,269,0,2
images/00000040_01_0000.jpg,269,1,2
images/00000166_00_0000.jpg,270,0,2
images/00000166_01_0000.jpg,270,1,2
images/00000092_00_0000.jpg,271,0,2
images/00000092_01_0000.jpg,271,1,2
images/00000468_00_0000.jpg,272,0,2
images/00000468_01_0000.jpg,272,1,2
images/00000594_00_0000.jpg,273,0,2
images/00000594_01_0000.jpg,273,1,2
images/00000272_00_0000.jpg,274,0,2
images/00000272_01_0000.jpg,274,1,2
images/00000357_00_0000.jpg,275,0,2
images/00000357_01_0000.jpg,275,1,2
images/00000074_00_0000.jpg,276,0,2
images/00000074_01_0000.jpg,276,1,2
images/00000480_00_0000.jpg,277,0,2
images/00000480_01_0000.jpg,277,1,2
images/00000577_00_0000.jpg,278,0,2
images/00000577_01_0000.jpg,278,1,2
images/00000526_00_0000.jpg,279,0,2
images/00000526_01_0000.jpg,279,1,2
images/00000160_00_0000.jpg,280,0,2
images/00000160_01_0000.jpg,280,1,2
images/00000183_00_0000.jpg,281,0,2
images/00000183_01_0000.jpg,281,1,2
images/00000589_00_0000.jpg,282,0,2
images/00000589_01_0000.jpg,282,1,2
images/00000387_00_0000.jpg,283,0,2
images/00000387_01_0000.jpg,283,1,2
images/00000396_00_0000.jpg,284,0,2
images/00000396_01_0000.jpg,284,1,2
images/00000541_00_0000.jpg,285,0,2
images/00000541_01_0000.jpg,285,1,2
images/00000227_00_0000.jpg,286,0,2
images/00000227_01_0000.jpg,286,1,2
images/00000018_00_0000.jpg,287,0,2
images/00000018_01_0000.jpg,287,1,2
images/00000254_00_0000.jpg,288,0,2
images/00000254_01_0000.jpg,288,1,2
images/00000574_00_0000.jpg,289,0,2
images/00000574_01_0000.jpg,289,1,2
images/00000295_00_0000.jpg,290,0,2
images/00000295_01_0000.jpg,290,1,2
images/00000273_00_0000.jpg,291,0,2
images/00000273_01_0000.jpg,291,1,2
images/00000623_00_0000.jpg,292,0,2
images/00000623_01_0000.jpg,292,1,2
images/00000085_00_0000.jpg,293,0,2
images/00000085_01_0000.jpg,293,1,2
images/00000593_00_0000.jpg,294,0,2
images/00000593_01_0000.jpg,294,1,2
images/00000033_00_0000.jpg,295,0,2
images/00000033_01_0000.jpg,295,1,2
images/00000238_00_0000.jpg,296,0,2
images/00000238_01_0000.jpg,296,1,2
images/00000162_00_0000.jpg,297,0,2
images/00000162_01_0000.jpg,297,1,2
images/00000399_00_0000.jpg,298,0,2
images/00000399_01_0000.jpg,298,1,2
images/00000501_00_0000.jpg,299,0,2
images/00000501_01_0000.jpg,299,1,2
images/00000449_00_0000.jpg,300,0,2
images/00000449_01_0000.jpg,300,1,2
images/00000263_00_0000.jpg,301,0,2
images/00000263_01_0000.jpg,301,1,2
images/00000477_00_0000.jpg,302,0,2
images/00000477_01_0000.jpg,302,1,2
images/00000114_00_0000.jpg,303,0,2
images/00000114_01_0000.jpg,303,1,2
images/00000246_00_0000.jpg,304,0,2
images/00000246_01_0000.jpg,304,1,2
images/00000197_00_0000.jpg,305,0,2
images/00000197_01_0000.jpg,305,1,2
images/00000605_00_0000.jpg,306,0,2
images/00000605_01_0000.jpg,306,1,2
images/00000359_00_0000.jpg,307,0,2
images/00000359_01_0000.jpg,307,1,2
images/00000515_00_0000.jpg,308,0,2
images/00000515_01_0000.jpg,308,1,2
images/00000000_00_0000.jpg,309,0,2
images/00000000_01_0000.jpg,309,1,2
images/00000217_00_0000.jpg,310,0,2
images/00000217_01_0000.jpg,310,1,2
images/00000336_00_0000.jpg,311,0,2
images/00000336_01_0000.jpg,311,1,2
images/00000347_00_0000.jpg,312,0,2
images/00000347_01_0000.jpg,312,1,2
images/00000292_00_0000.jpg,313,0,2
images/00000292_01_0000.jpg,313,1,2
images/00000320_00_0000.jpg,314,0,2
images/00000320_01_0000.jpg,314,1,2
images/00000058_00_0000.jpg,315,0,2
images/00000058_01_0000.jpg,315,1,2
